Name,Type,Population,Sexual_Offenses,Robbery_bank,Handbag_Robbery,Other_Robberies,Home_Invasions,Assaults,Simple_Assaults,Theft,Shoplifting,Theft_with_Aggravating_Circumstances,Burglary,Daytime_Burglary,Total_Bicycle_Theft,Total_Vehicle_Theft,Total_Pickpocketing,Assault_on_Officials,Resistance_Against_Officials,Assault_on_Officials_Specific,Concealment,Arson,Property_Damage,Drug_Offenses,Violent_Crime,Homicide,Street_Crime,Total_Sum,Total_Crime_Rate
Aachen,Kreis,564444,99.0,0.0,8.0,169.0,34.0,1264.0,3551.0,11221.0,4024.0,8476.0,1155.0,490.0,1885.0,3261.0,1007.0,254.0,168.0,86.0,350.0,237.0,3723.0,1912.0,1842.0,36.0,10682.0,55934.0,9909.574731948607
Ahrweiler,Kreis,128741,14.0,0.0,0.0,5.0,2.0,151.0,507.0,1023.0,174.0,585.0,80.0,24.0,186.0,231.0,96.0,45.0,22.0,23.0,51.0,36.0,556.0,699.0,186.0,3.0,1052.0,5751.0,4467.108380391639
Aichach-Friedberg,Kreis,138607,7.0,0.0,0.0,1.0,0.0,83.0,317.0,575.0,166.0,302.0,33.0,6.0,126.0,92.0,5.0,17.0,2.0,15.0,37.0,14.0,364.0,132.0,104.0,2.0,551.0,2951.0,2129.0411018202544
Alb-Donau-Kreis,Kreis,203873,17.0,0.0,0.0,14.0,2.0,136.0,516.0,924.0,266.0,482.0,58.0,21.0,129.0,175.0,14.0,26.0,10.0,16.0,77.0,39.0,557.0,253.0,190.0,9.0,701.0,4632.0,2272.0026683278315
Altenburger Land,Kreis,88692,1.0,0.0,0.0,4.0,3.0,71.0,292.0,645.0,208.0,481.0,59.0,15.0,61.0,91.0,18.0,32.0,20.0,12.0,37.0,27.0,1052.0,575.0,94.0,4.0,519.0,4321.0,4871.916294592523
Altenkirchen (Westerwald),Kreis,131907,18.0,0.0,0.0,15.0,6.0,189.0,665.0,1013.0,340.0,378.0,74.0,20.0,68.0,154.0,34.0,64.0,42.0,22.0,67.0,57.0,614.0,743.0,244.0,1.0,878.0,5706.0,4325.774977825286
Altmarkkreis Salzwedel,Kreis,81851,13.0,0.0,0.0,9.0,5.0,156.0,439.0,735.0,195.0,507.0,40.0,9.0,228.0,99.0,27.0,43.0,29.0,14.0,26.0,43.0,612.0,253.0,194.0,3.0,752.0,4431.0,5413.495253570512
Altötting,Kreis,114459,16.0,0.0,0.0,3.0,1.0,120.0,424.0,636.0,177.0,246.0,18.0,9.0,147.0,96.0,16.0,51.0,25.0,26.0,55.0,13.0,475.0,309.0,151.0,6.0,607.0,3627.0,3168.820276256127
Alzey-Worms,Kreis,133430,23.0,0.0,0.0,9.0,0.0,129.0,433.0,919.0,134.0,319.0,70.0,34.0,66.0,125.0,36.0,19.0,8.0,11.0,28.0,33.0,466.0,261.0,170.0,3.0,691.0,3987.0,2988.0836393614627
Amberg,City,42676,6.0,0.0,0.0,1.0,0.0,60.0,233.0,513.0,254.0,163.0,10.0,1.0,98.0,55.0,10.0,24.0,13.0,11.0,23.0,4.0,330.0,252.0,77.0,0.0,425.0,2563.0,6005.717499297029
Amberg-Sulzbach,Kreis,104914,7.0,0.0,0.0,0.0,0.0,76.0,202.0,355.0,109.0,155.0,14.0,1.0,42.0,60.0,2.0,18.0,8.0,10.0,32.0,8.0,245.0,208.0,94.0,0.0,308.0,1954.0,1862.4778389919363
Ammerland,Kreis,129108,19.0,0.0,0.0,7.0,1.0,109.0,417.0,997.0,307.0,665.0,78.0,35.0,318.0,148.0,77.0,32.0,18.0,14.0,38.0,20.0,471.0,185.0,150.0,1.0,903.0,5010.0,3880.4721628404127
Anhalt-Bitterfeld,Kreis,156642,14.0,1.0,0.0,21.0,7.0,271.0,826.0,1523.0,574.0,1605.0,85.0,26.0,436.0,371.0,67.0,52.0,39.0,13.0,38.0,48.0,1193.0,553.0,366.0,13.0,1657.0,9799.0,6255.665785676893
Ansbach,City,189517,8.0,0.0,0.0,1.0,0.0,147.0,368.0,619.0,269.0,149.0,6.0,0.0,102.0,30.0,19.0,22.0,9.0,13.0,31.0,6.0,371.0,198.0,183.0,3.0,463.0,3017.0,1591.9416200129804
Ansbach,Kreis,189517,15.0,0.0,0.0,2.0,0.0,143.0,530.0,969.0,262.0,338.0,27.0,10.0,115.0,202.0,33.0,37.0,14.0,23.0,54.0,17.0,615.0,306.0,184.0,9.0,786.0,4691.0,2475.239688260156
Aschaffenburg,City,177056,7.0,0.0,0.0,3.0,2.0,149.0,447.0,1288.0,648.0,547.0,14.0,7.0,270.0,85.0,32.0,44.0,16.0,28.0,61.0,6.0,493.0,554.0,184.0,1.0,940.0,5826.0,3290.484366528104
Aschaffenburg,Kreis,177056,6.0,0.0,0.0,1.0,1.0,85.0,274.0,549.0,127.0,391.0,50.0,20.0,126.0,133.0,8.0,21.0,11.0,10.0,56.0,40.0,412.0,297.0,106.0,3.0,647.0,3374.0,1905.6117838424002
Augsburg,City,263578,38.0,1.0,6.0,39.0,5.0,785.0,2417.0,3777.0,1768.0,1689.0,133.0,27.0,901.0,285.0,127.0,301.0,115.0,186.0,107.0,37.0,2352.0,1270.0,973.0,8.0,3588.0,20935.0,7942.620400792175
Augsburg,Kreis,263578,12.0,0.0,2.0,9.0,1.0,256.0,773.0,1134.0,341.0,611.0,44.0,6.0,333.0,171.0,17.0,67.0,22.0,45.0,38.0,12.0,939.0,444.0,334.0,30.0,1336.0,6977.0,2647.0342744842133
Aurich,Kreis,192608,31.0,0.0,9.0,10.0,7.0,288.0,1059.0,1954.0,596.0,1203.0,128.0,35.0,658.0,349.0,79.0,80.0,45.0,35.0,91.0,37.0,1073.0,661.0,445.0,0.0,1922.0,10795.0,5604.647782023591
Bad Dürkheim,Kreis,134711,19.0,0.0,0.0,15.0,3.0,196.0,612.0,946.0,188.0,624.0,113.0,44.0,285.0,129.0,56.0,35.0,19.0,16.0,37.0,25.0,688.0,404.0,248.0,0.0,1115.0,5817.0,4318.1328918945
Bad Kissingen,Kreis,104898,13.0,0.0,0.0,0.0,0.0,126.0,374.0,581.0,170.0,177.0,9.0,3.0,51.0,71.0,12.0,30.0,10.0,20.0,33.0,15.0,483.0,246.0,159.0,4.0,534.0,3121.0,2975.271215847776
Bad Kreuznach,Kreis,161852,22.0,0.0,0.0,20.0,4.0,243.0,779.0,1538.0,450.0,741.0,91.0,37.0,209.0,385.0,76.0,48.0,28.0,20.0,62.0,58.0,937.0,783.0,306.0,2.0,1567.0,8406.0,5193.633690037813
Bad Tölz-Wolfratshausen,Kreis,130182,15.0,0.0,0.0,1.0,0.0,133.0,411.0,708.0,164.0,329.0,17.0,6.0,232.0,60.0,16.0,41.0,17.0,24.0,39.0,24.0,540.0,257.0,160.0,4.0,697.0,3895.0,2991.965095020817
Baden-Baden,City,57420,11.0,0.0,1.0,9.0,0.0,74.0,221.0,1029.0,316.0,747.0,60.0,18.0,305.0,266.0,52.0,23.0,15.0,8.0,36.0,8.0,341.0,201.0,109.0,2.0,854.0,4706.0,8195.750609543713
Bamberg,City,149823,7.0,0.0,1.0,3.0,2.0,216.0,500.0,1770.0,973.0,588.0,15.0,8.0,401.0,148.0,73.0,79.0,27.0,52.0,89.0,11.0,658.0,661.0,272.0,9.0,1212.0,7775.0,5189.456892466444
Bamberg,Kreis,149823,18.0,0.0,0.0,1.0,0.0,87.0,335.0,540.0,160.0,259.0,22.0,4.0,113.0,79.0,6.0,23.0,5.0,18.0,31.0,17.0,408.0,233.0,118.0,5.0,508.0,2990.0,1995.6882454629797
Barnim,Kreis,193050,38.0,0.0,1.0,48.0,8.0,275.0,838.0,2560.0,968.0,2011.0,238.0,110.0,683.0,542.0,64.0,133.0,65.0,68.0,108.0,110.0,1750.0,622.0,425.0,5.0,2336.0,14006.0,7255.1152551152545
Bautzen,Kreis,296506,13.0,0.0,2.0,17.0,4.0,317.0,1032.0,2379.0,711.0,2140.0,124.0,49.0,630.0,482.0,88.0,87.0,56.0,31.0,77.0,149.0,1773.0,866.0,399.0,3.0,2348.0,13777.0,4646.448975737421
Bayreuth,City,104843,18.0,0.0,1.0,1.0,0.0,149.0,434.0,898.0,320.0,556.0,32.0,11.0,398.0,80.0,12.0,41.0,14.0,27.0,60.0,8.0,592.0,603.0,195.0,1.0,958.0,5409.0,5159.142718159534
Bayreuth,Kreis,104843,6.0,0.0,0.0,0.0,0.0,56.0,217.0,312.0,56.0,134.0,18.0,7.0,47.0,38.0,6.0,4.0,1.0,3.0,18.0,19.0,308.0,243.0,72.0,5.0,297.0,1867.0,1780.757895138445
Berchtesgadener Land,Kreis,108315,13.0,0.0,1.0,4.0,0.0,92.0,368.0,691.0,217.0,270.0,23.0,6.0,168.0,54.0,14.0,68.0,35.0,33.0,98.0,15.0,430.0,557.0,129.0,1.0,556.0,3843.0,3547.985043622767
Bergstraße,Kreis,276295,22.0,0.0,3.0,28.0,6.0,261.0,688.0,1861.0,533.0,1565.0,220.0,63.0,514.0,588.0,69.0,32.0,19.0,13.0,96.0,37.0,843.0,505.0,355.0,2.0,1890.0,10213.0,3696.4114442896175
Berlin,City,3782202,1171.0,3.0,123.0,3210.0,260.0,12610.0,33319.0,123501.0,35874.0,102892.0,8323.0,3434.0,28754.0,38994.0,16814.0,4328.0,2723.0,1605.0,3305.0,1125.0,45434.0,17502.0,19274.0,77.0,122118.0,626773.0,16571.64265684382
Bernkastel-Wittlich,Kreis,115083,19.0,0.0,0.0,6.0,1.0,158.0,519.0,747.0,237.0,294.0,50.0,19.0,33.0,120.0,30.0,36.0,27.0,9.0,25.0,38.0,544.0,453.0,193.0,2.0,683.0,4243.0,3686.9042343352194
Biberach,Kreis,208203,15.0,0.0,1.0,18.0,1.0,153.0,482.0,1214.0,428.0,491.0,44.0,18.0,198.0,137.0,19.0,52.0,21.0,31.0,54.0,29.0,589.0,430.0,208.0,8.0,762.0,5403.0,2595.0634717079006
Bielefeld,City,338410,85.0,0.0,13.0,105.0,15.0,867.0,1736.0,6936.0,2901.0,3581.0,323.0,138.0,1348.0,1279.0,503.0,164.0,125.0,39.0,311.0,98.0,2480.0,1263.0,1278.0,10.0,5877.0,31475.0,9300.84808368547
Birkenfeld,Kreis,81918,14.0,0.0,0.0,10.0,2.0,122.0,502.0,864.0,245.0,249.0,43.0,16.0,38.0,181.0,27.0,23.0,12.0,11.0,40.0,55.0,477.0,249.0,156.0,0.0,620.0,3956.0,4829.219463365805
Bochum,City,366385,52.0,0.0,7.0,136.0,15.0,885.0,2364.0,7259.0,2343.0,3880.0,774.0,351.0,592.0,1358.0,708.0,240.0,138.0,102.0,208.0,45.0,3312.0,1348.0,1272.0,10.0,6294.0,33693.0,9196.064249355186
Bodenseekreis,Kreis,224200,20.0,0.0,1.0,21.0,0.0,325.0,910.0,2080.0,704.0,858.0,86.0,19.0,453.0,279.0,49.0,92.0,29.0,63.0,80.0,41.0,1151.0,613.0,403.0,3.0,1594.0,9874.0,4404.103479036575
Bonn,City,335789,61.0,0.0,8.0,167.0,13.0,1553.0,2593.0,7379.0,2617.0,5198.0,604.0,233.0,1853.0,1755.0,978.0,276.0,150.0,126.0,303.0,51.0,2684.0,1504.0,1955.0,5.0,8010.0,40076.0,11934.87577020093
Borken,Kreis,381627,65.0,0.0,6.0,43.0,11.0,542.0,1926.0,4134.0,1033.0,4650.0,305.0,112.0,2513.0,663.0,280.0,151.0,108.0,43.0,315.0,75.0,2076.0,2421.0,751.0,2.0,5759.0,27984.0,7332.814502118561
Bottrop,City,118705,21.0,0.0,2.0,36.0,7.0,231.0,544.0,1671.0,464.0,1177.0,206.0,109.0,253.0,420.0,177.0,36.0,21.0,15.0,61.0,16.0,783.0,222.0,334.0,1.0,1745.0,8552.0,7204.4143043679705
Brandenburg an der Havel,City,73921,15.0,0.0,0.0,20.0,3.0,174.0,525.0,1096.0,422.0,905.0,84.0,30.0,367.0,285.0,37.0,67.0,13.0,54.0,22.0,50.0,1247.0,386.0,231.0,5.0,1489.0,7527.0,10182.49211996591
Braunschweig,City,252066,70.0,0.0,13.0,78.0,16.0,664.0,1820.0,4449.0,1979.0,3381.0,298.0,107.0,1170.0,522.0,448.0,227.0,104.0,123.0,160.0,57.0,2657.0,1604.0,954.0,8.0,4444.0,25353.0,10058.080026659683
Breisgau-Hochschwarzwald,Kreis,272194,28.0,0.0,1.0,7.0,2.0,204.0,908.0,1776.0,400.0,1559.0,186.0,62.0,680.0,525.0,58.0,73.0,32.0,41.0,98.0,53.0,1219.0,768.0,272.0,9.0,2115.0,11076.0,4069.1565574553447
Bremen,City,577026,146.0,1.0,10.0,587.0,46.0,2544.0,5344.0,18550.0,5943.0,17886.0,1527.0,238.0,5924.0,6547.0,2770.0,405.0,230.0,175.0,1065.0,126.0,5099.0,4892.0,4149.0,18.0,20279.0,104501.0,18110.275793465113
Bremerhaven,City,114677,43.0,1.0,3.0,69.0,21.0,447.0,1214.0,3090.0,1428.0,2203.0,293.0,73.0,475.0,350.0,178.0,131.0,104.0,27.0,142.0,22.0,1265.0,1095.0,723.0,6.0,2089.0,15492.0,13509.247713142131
Burgenlandkreis,Kreis,177174,22.0,0.0,3.0,27.0,9.0,321.0,1032.0,2293.0,939.0,2018.0,122.0,32.0,302.0,619.0,57.0,71.0,44.0,27.0,73.0,69.0,1451.0,808.0,425.0,4.0,2113.0,12881.0,7270.254100488785
Böblingen,Kreis,401318,31.0,1.0,0.0,26.0,3.0,339.0,1501.0,2690.0,1014.0,1162.0,189.0,66.0,288.0,332.0,76.0,189.0,100.0,89.0,105.0,45.0,1898.0,983.0,453.0,6.0,1908.0,13494.0,3362.42082338694
Börde,Kreis,170984,17.0,0.0,0.0,17.0,8.0,227.0,653.0,1443.0,413.0,1743.0,127.0,35.0,301.0,519.0,57.0,45.0,26.0,19.0,52.0,54.0,1193.0,597.0,293.0,4.0,1647.0,9490.0,5550.226921817246
Calw,Kreis,163838,18.0,0.0,0.0,6.0,0.0,131.0,489.0,885.0,301.0,356.0,49.0,15.0,38.0,184.0,27.0,39.0,16.0,23.0,57.0,34.0,523.0,260.0,162.0,1.0,601.0,4215.0,2572.663240518073
Celle,Kreis,182352,37.0,0.0,2.0,15.0,4.0,348.0,1046.0,1996.0,643.0,1452.0,144.0,62.0,584.0,266.0,144.0,113.0,57.0,56.0,92.0,82.0,1123.0,661.0,455.0,4.0,1920.0,11306.0,6200.096516627183
Cham,Kreis,130946,7.0,0.0,0.0,0.0,0.0,135.0,423.0,671.0,206.0,245.0,25.0,8.0,78.0,81.0,11.0,42.0,18.0,24.0,36.0,20.0,403.0,493.0,156.0,1.0,507.0,3590.0,2741.588135567333
Chemnitz,City,250681,29.0,0.0,9.0,120.0,11.0,626.0,1268.0,4048.0,1785.0,3230.0,183.0,88.0,852.0,668.0,314.0,163.0,108.0,55.0,82.0,87.0,2653.0,1427.0,915.0,13.0,3494.0,22228.0,8867.046166243153
Cloppenburg,Kreis,178564,26.0,0.0,0.0,15.0,2.0,184.0,649.0,1390.0,496.0,1009.0,82.0,32.0,492.0,270.0,78.0,24.0,12.0,12.0,57.0,21.0,636.0,455.0,264.0,5.0,1417.0,7628.0,4271.857709280706
Coburg,City,87259,4.0,0.0,0.0,1.0,1.0,99.0,272.0,547.0,264.0,159.0,19.0,6.0,95.0,34.0,9.0,18.0,4.0,14.0,20.0,5.0,327.0,248.0,132.0,7.0,377.0,2662.0,3050.6881811618287
Coburg,Kreis,87259,6.0,0.0,0.0,2.0,0.0,78.0,246.0,417.0,144.0,168.0,15.0,8.0,64.0,45.0,5.0,11.0,1.0,10.0,22.0,8.0,317.0,157.0,102.0,9.0,349.0,2184.0,2502.893684319096
Cochem-Zell,Kreis,62669,5.0,0.0,0.0,3.0,0.0,63.0,246.0,389.0,42.0,180.0,37.0,15.0,27.0,67.0,21.0,18.0,9.0,9.0,7.0,17.0,296.0,207.0,77.0,1.0,377.0,2113.0,3371.6829692511446
Coesfeld,Kreis,226160,31.0,0.0,1.0,12.0,5.0,271.0,935.0,2647.0,581.0,2582.0,204.0,104.0,1239.0,671.0,251.0,61.0,42.0,19.0,79.0,57.0,1333.0,507.0,354.0,7.0,3551.0,15544.0,6873.010258224266
Cottbus,City,100010,13.0,0.0,3.0,46.0,8.0,294.0,732.0,1866.0,876.0,2967.0,85.0,30.0,1393.0,348.0,36.0,77.0,25.0,52.0,82.0,42.0,1153.0,329.0,429.0,2.0,2044.0,12932.0,12930.70692930707
Cuxhaven,Kreis,201838,32.0,0.0,2.0,13.0,7.0,320.0,882.0,2039.0,570.0,1505.0,159.0,55.0,448.0,282.0,167.0,41.0,27.0,14.0,63.0,64.0,1066.0,463.0,423.0,7.0,1788.0,10437.0,5170.978705694666
Dachau,Kreis,157813,14.0,0.0,0.0,3.0,1.0,141.0,396.0,650.0,193.0,564.0,43.0,18.0,356.0,97.0,17.0,37.0,11.0,26.0,51.0,8.0,483.0,287.0,181.0,5.0,856.0,4438.0,2812.1891098958895
Dahme-Spreewald,Kreis,180242,16.0,0.0,4.0,28.0,2.0,202.0,746.0,3621.0,849.0,2415.0,321.0,117.0,723.0,1640.0,184.0,81.0,29.0,52.0,59.0,60.0,1321.0,450.0,294.0,2.0,3362.0,16578.0,9197.634291674527
Darmstadt,City,164792,31.0,0.0,5.0,51.0,8.0,448.0,806.0,3738.0,1827.0,2627.0,81.0,22.0,1202.0,547.0,166.0,75.0,39.0,36.0,93.0,24.0,1030.0,744.0,618.0,6.0,3056.0,17280.0,10485.94591970484
Darmstadt-Dieburg,Kreis,301827,32.0,2.0,0.0,12.0,3.0,279.0,710.0,1713.0,398.0,1330.0,174.0,57.0,526.0,447.0,44.0,41.0,26.0,15.0,126.0,54.0,1108.0,399.0,357.0,2.0,2019.0,9874.0,3271.410443731011
Deggendorf,Kreis,123129,8.0,0.0,0.0,7.0,1.0,140.0,482.0,989.0,446.0,327.0,19.0,4.0,204.0,99.0,7.0,51.0,21.0,30.0,47.0,18.0,491.0,326.0,178.0,5.0,739.0,4639.0,3767.593337069253
Delmenhorst,City,78979,8.0,0.0,0.0,13.0,6.0,112.0,360.0,1008.0,368.0,954.0,62.0,30.0,357.0,168.0,106.0,33.0,19.0,14.0,53.0,10.0,361.0,383.0,178.0,8.0,958.0,5569.0,7051.241469251319
Dessau-Roßlau,City,79686,12.0,0.0,0.0,17.0,4.0,165.0,531.0,984.0,423.0,1084.0,57.0,22.0,348.0,153.0,28.0,61.0,35.0,26.0,47.0,21.0,655.0,366.0,235.0,4.0,943.0,6221.0,7806.892051301357
Diepholz,Kreis,223832,33.0,0.0,2.0,13.0,7.0,332.0,824.0,2315.0,838.0,1914.0,244.0,88.0,608.0,577.0,128.0,81.0,49.0,32.0,117.0,68.0,937.0,709.0,451.0,6.0,2100.0,12473.0,5572.482933628793
Dillingen a.d.Donau,Kreis,100141,6.0,0.0,0.0,1.0,0.0,115.0,368.0,492.0,161.0,225.0,27.0,10.0,85.0,62.0,6.0,60.0,24.0,36.0,23.0,12.0,360.0,251.0,137.0,6.0,386.0,2853.0,2848.9829340629713
Dingolfing-Landau,Kreis,101477,6.0,0.0,0.0,0.0,1.0,99.0,326.0,485.0,152.0,196.0,25.0,4.0,97.0,62.0,8.0,19.0,7.0,12.0,25.0,11.0,351.0,199.0,122.0,2.0,453.0,2662.0,2623.254530583285
Dithmarschen,Kreis,135653,27.0,0.0,2.0,15.0,4.0,204.0,698.0,1539.0,528.0,810.0,157.0,40.0,250.0,269.0,85.0,45.0,19.0,26.0,27.0,29.0,1155.0,334.0,285.0,5.0,1524.0,8077.0,5954.162458626053
Donau-Ries,Kreis,137971,11.0,0.0,0.0,2.0,3.0,231.0,531.0,692.0,183.0,272.0,15.0,3.0,137.0,77.0,12.0,83.0,37.0,46.0,34.0,16.0,528.0,315.0,269.0,5.0,633.0,4135.0,2997.0066173326277
Donnersbergkreis,Kreis,76088,12.0,0.0,0.0,3.0,1.0,93.0,320.0,440.0,86.0,192.0,53.0,24.0,32.0,82.0,18.0,27.0,13.0,14.0,28.0,24.0,335.0,280.0,114.0,0.0,442.0,2633.0,3460.466827883504
Dortmund,City,595471,177.0,1.0,17.0,400.0,31.0,2402.0,4750.0,15952.0,6442.0,10746.0,1248.0,522.0,2676.0,4040.0,1747.0,532.0,300.0,232.0,737.0,119.0,5548.0,4053.0,3423.0,34.0,15518.0,81647.0,13711.331030394427
Dresden,City,566222,66.0,1.0,24.0,263.0,13.0,1245.0,2853.0,9822.0,4144.0,10640.0,328.0,138.0,4031.0,1869.0,688.0,303.0,150.0,153.0,177.0,149.0,4895.0,1862.0,1827.0,15.0,9716.0,55372.0,9779.203210048356
Duisburg,City,503707,96.0,0.0,11.0,234.0,43.0,1419.0,3304.0,9664.0,3205.0,9264.0,977.0,416.0,1798.0,3264.0,1367.0,264.0,183.0,81.0,462.0,167.0,4050.0,2651.0,2057.0,18.0,11037.0,56032.0,11123.92720371168
Düren,Kreis,272666,51.0,0.0,4.0,57.0,15.0,400.0,1332.0,4132.0,1336.0,3327.0,463.0,181.0,542.0,1785.0,270.0,77.0,61.0,16.0,233.0,54.0,1725.0,513.0,611.0,9.0,4652.0,21846.0,8012.000029339924
Düsseldorf,City,631217,164.0,0.0,23.0,378.0,34.0,1773.0,4371.0,21814.0,5452.0,11371.0,1384.0,648.0,3874.0,4451.0,5301.0,617.0,396.0,221.0,690.0,88.0,4934.0,4257.0,2835.0,12.0,19556.0,94644.0,14993.892750036834
Ebersberg,Kreis,147559,6.0,0.0,0.0,5.0,0.0,132.0,375.0,749.0,250.0,523.0,35.0,11.0,328.0,137.0,20.0,34.0,12.0,22.0,31.0,17.0,564.0,290.0,169.0,3.0,885.0,4598.0,3116.0417189056584
Eichsfeld,City,103441,2.0,0.0,0.0,9.0,2.0,139.0,367.0,590.0,113.0,404.0,40.0,20.0,73.0,90.0,41.0,39.0,28.0,11.0,44.0,31.0,582.0,375.0,159.0,1.0,548.0,3708.0,3584.6521205324775
Eichstätt,Kreis,136565,9.0,0.0,0.0,1.0,0.0,101.0,337.0,519.0,162.0,272.0,13.0,5.0,141.0,47.0,13.0,18.0,7.0,11.0,24.0,14.0,319.0,202.0,129.0,6.0,473.0,2823.0,2067.1475121736903
Eifelkreis Bitburg-Prüm,Kreis,104435,12.0,0.0,0.0,12.0,0.0,111.0,497.0,866.0,292.0,268.0,54.0,26.0,38.0,152.0,50.0,51.0,28.0,23.0,32.0,31.0,468.0,648.0,148.0,1.0,621.0,4429.0,4240.9154019246425
Elbe-Elster,Kreis,99931,12.0,0.0,1.0,10.0,4.0,144.0,372.0,930.0,291.0,892.0,127.0,38.0,261.0,127.0,27.0,38.0,9.0,29.0,19.0,58.0,880.0,264.0,195.0,1.0,782.0,5511.0,5514.8052155987625
Emden,City,50659,8.0,0.0,2.0,4.0,2.0,138.0,356.0,841.0,402.0,567.0,35.0,12.0,335.0,78.0,39.0,36.0,31.0,5.0,23.0,10.0,442.0,264.0,168.0,0.0,820.0,4618.0,9115.853056712529
Emmendingen,Kreis,172392,13.0,0.0,0.0,20.0,2.0,206.0,625.0,1218.0,310.0,1096.0,98.0,39.0,525.0,366.0,32.0,41.0,21.0,20.0,26.0,34.0,690.0,417.0,259.0,5.0,1494.0,7557.0,4383.6140888208265
Emsland,Kreis,340280,56.0,0.0,1.0,17.0,5.0,518.0,1548.0,3640.0,1036.0,2613.0,162.0,46.0,1441.0,620.0,212.0,148.0,63.0,85.0,157.0,63.0,1376.0,1162.0,681.0,7.0,3347.0,19004.0,5584.812507346891
Ennepe-Ruhr-Kreis,Kreis,324946,36.0,1.0,1.0,40.0,6.0,488.0,1589.0,3807.0,1109.0,2085.0,500.0,216.0,273.0,862.0,450.0,112.0,57.0,55.0,172.0,60.0,2300.0,798.0,635.0,4.0,3976.0,19632.0,6041.619222886265
Enzkreis,Kreis,203409,17.0,0.0,0.0,11.0,6.0,115.0,445.0,888.0,163.0,455.0,63.0,25.0,87.0,189.0,23.0,36.0,20.0,16.0,81.0,25.0,709.0,243.0,169.0,5.0,817.0,4608.0,2265.38648732357
Erding,Kreis,142540,20.0,0.0,1.0,1.0,0.0,152.0,503.0,843.0,247.0,405.0,24.0,6.0,232.0,86.0,27.0,60.0,25.0,35.0,45.0,23.0,423.0,343.0,189.0,3.0,701.0,4394.0,3082.64346850007
Erfurt,City,215675,12.0,0.0,9.0,92.0,26.0,541.0,1936.0,5212.0,2755.0,3605.0,218.0,68.0,1026.0,596.0,231.0,279.0,150.0,129.0,171.0,83.0,2066.0,1313.0,800.0,2.0,3210.0,24530.0,11373.594528804915
Erlangen,City,117806,10.0,0.0,1.0,3.0,0.0,154.0,442.0,1705.0,903.0,990.0,40.0,15.0,658.0,129.0,27.0,45.0,13.0,32.0,58.0,6.0,593.0,513.0,201.0,3.0,1303.0,7844.0,6658.4044955265435
Erlangen-Höchstadt,Kreis,141517,12.0,0.0,1.0,2.0,1.0,83.0,284.0,759.0,381.0,276.0,48.0,16.0,113.0,53.0,7.0,12.0,3.0,9.0,36.0,9.0,461.0,228.0,108.0,2.0,533.0,3437.0,2428.683479723284
Erzgebirgskreis,Kreis,326896,18.0,1.0,2.0,13.0,3.0,339.0,774.0,1632.0,453.0,1100.0,73.0,27.0,166.0,271.0,37.0,78.0,51.0,27.0,47.0,101.0,1671.0,884.0,402.0,2.0,1669.0,9841.0,3010.4375703587684
Essen,City,586608,136.0,2.0,5.0,264.0,30.0,1621.0,3375.0,13398.0,5181.0,8624.0,1118.0,547.0,1958.0,2450.0,1703.0,335.0,249.0,86.0,524.0,250.0,4850.0,2333.0,2331.0,24.0,11621.0,63015.0,10742.267408559037
Esslingen,Kreis,542582,37.0,0.0,1.0,34.0,6.0,646.0,2071.0,3938.0,1294.0,1877.0,217.0,85.0,561.0,609.0,120.0,218.0,93.0,125.0,185.0,62.0,2847.0,1184.0,824.0,29.0,3140.0,20203.0,3723.4924859283947
Euskirchen,Kreis,199828,36.0,0.0,0.0,27.0,8.0,363.0,1142.0,2310.0,556.0,1429.0,242.0,99.0,271.0,778.0,100.0,64.0,52.0,12.0,116.0,49.0,1202.0,389.0,475.0,2.0,2367.0,12089.0,6049.70274436015
Flensburg,City,92667,37.0,0.0,0.0,47.0,14.0,291.0,835.0,2392.0,1217.0,1379.0,109.0,30.0,379.0,624.0,101.0,85.0,37.0,48.0,42.0,51.0,962.0,865.0,453.0,8.0,1961.0,11967.0,12913.98232380459
Forchheim,Kreis,118725,4.0,0.0,0.0,1.0,0.0,79.0,336.0,480.0,158.0,233.0,13.0,5.0,144.0,30.0,11.0,26.0,8.0,18.0,23.0,21.0,368.0,154.0,100.0,7.0,487.0,2706.0,2279.2166771951993
Frankenthal (Pfalz),City,49122,5.0,0.0,0.0,17.0,0.0,145.0,367.0,650.0,183.0,458.0,36.0,17.0,233.0,98.0,77.0,36.0,16.0,20.0,28.0,8.0,370.0,242.0,183.0,1.0,854.0,4044.0,8232.563820691339
Frankfurt (Oder),City,58818,15.0,0.0,5.0,17.0,7.0,142.0,337.0,961.0,512.0,819.0,50.0,17.0,213.0,201.0,20.0,45.0,22.0,23.0,48.0,19.0,549.0,255.0,212.0,2.0,833.0,5324.0,9051.650855180387
Frankfurt am Main,City,775790,183.0,0.0,25.0,714.0,28.0,2976.0,4987.0,21076.0,6565.0,12686.0,792.0,246.0,4398.0,4334.0,3042.0,833.0,362.0,471.0,923.0,168.0,7041.0,8579.0,4516.0,54.0,19218.0,104217.0,13433.661171193235
Freiburg im Breisgau,City,237244,33.0,0.0,7.0,89.0,8.0,559.0,1927.0,6352.0,2599.0,4517.0,182.0,68.0,2695.0,729.0,605.0,245.0,123.0,122.0,188.0,50.0,1737.0,1552.0,807.0,10.0,5690.0,30894.0,13022.0363844818
Freising,Kreis,186276,19.0,0.0,1.0,1.0,1.0,132.0,521.0,829.0,222.0,562.0,33.0,9.0,391.0,98.0,24.0,120.0,69.0,51.0,53.0,12.0,572.0,494.0,172.0,2.0,955.0,5343.0,2868.324421825678
Freudenstadt,Kreis,121584,11.0,0.0,1.0,5.0,1.0,110.0,354.0,967.0,286.0,376.0,34.0,9.0,55.0,295.0,16.0,39.0,11.0,28.0,47.0,31.0,469.0,225.0,142.0,2.0,677.0,4191.0,3446.9996052112124
Freyung-Grafenau,Kreis,79603,3.0,0.0,0.0,0.0,2.0,49.0,180.0,231.0,48.0,88.0,16.0,2.0,19.0,21.0,2.0,17.0,12.0,5.0,19.0,6.0,183.0,180.0,58.0,1.0,161.0,1303.0,1636.8729821740385
Friesland,Kreis,100630,14.0,0.0,0.0,4.0,4.0,131.0,512.0,836.0,208.0,532.0,86.0,28.0,189.0,166.0,59.0,28.0,17.0,11.0,36.0,17.0,627.0,416.0,169.0,0.0,867.0,4957.0,4925.966411606877
Fulda,Kreis,228713,40.0,0.0,4.0,20.0,0.0,238.0,589.0,2620.0,1487.0,972.0,165.0,42.0,162.0,345.0,57.0,78.0,42.0,36.0,104.0,45.0,877.0,760.0,338.0,10.0,1300.0,10331.0,4517.01477397437
Fürstenfeldbruck,Kreis,222932,19.0,0.0,2.0,3.0,0.0,200.0,703.0,1080.0,287.0,767.0,39.0,6.0,581.0,115.0,24.0,59.0,19.0,40.0,74.0,34.0,951.0,739.0,248.0,3.0,1444.0,7437.0,3335.9948325049795
Fürth,City,119826,19.0,0.0,0.0,2.0,0.0,193.0,578.0,1365.0,628.0,697.0,44.0,17.0,386.0,152.0,37.0,43.0,3.0,40.0,87.0,12.0,767.0,409.0,250.0,5.0,1131.0,6865.0,5729.140587184752
Fürth,Kreis,119826,5.0,0.0,0.0,1.0,0.0,53.0,226.0,504.0,190.0,207.0,36.0,11.0,70.0,79.0,7.0,15.0,3.0,12.0,31.0,2.0,340.0,170.0,69.0,2.0,425.0,2458.0,2051.307729541168
Garmisch-Partenkirchen,Kreis,88748,4.0,0.0,1.0,0.0,0.0,89.0,355.0,658.0,206.0,153.0,7.0,4.0,123.0,28.0,13.0,42.0,22.0,20.0,38.0,18.0,443.0,340.0,105.0,2.0,521.0,3192.0,3596.7007707215935
Gelsenkirchen,City,265885,55.0,0.0,6.0,195.0,28.0,792.0,2201.0,5716.0,1444.0,3539.0,658.0,308.0,498.0,1365.0,896.0,201.0,155.0,46.0,324.0,83.0,2138.0,1029.0,1315.0,12.0,5263.0,28267.0,10631.287962841077
Gera,City,94847,4.0,0.0,1.0,11.0,2.0,257.0,974.0,1665.0,775.0,1180.0,77.0,15.0,218.0,204.0,57.0,113.0,74.0,39.0,54.0,77.0,1180.0,1101.0,312.0,1.0,1218.0,9609.0,10131.053169841955
Germersheim,Kreis,131492,13.0,0.0,0.0,19.0,2.0,175.0,632.0,1088.0,279.0,822.0,124.0,41.0,264.0,284.0,26.0,43.0,22.0,21.0,48.0,47.0,713.0,440.0,228.0,0.0,1240.0,6571.0,4997.262190855718
Gießen,Kreis,280268,40.0,1.0,8.0,45.0,5.0,452.0,1162.0,3524.0,1357.0,1686.0,231.0,59.0,509.0,779.0,226.0,138.0,76.0,62.0,178.0,34.0,1409.0,973.0,628.0,6.0,2755.0,16343.0,5831.2044186278845
Gifhorn,Kreis,180679,16.0,0.0,0.0,7.0,3.0,181.0,664.0,1371.0,396.0,945.0,187.0,59.0,267.0,187.0,63.0,52.0,31.0,21.0,46.0,31.0,959.0,414.0,244.0,4.0,1259.0,7407.0,4099.535640555902
Goslar,Kreis,134485,29.0,0.0,2.0,12.0,5.0,272.0,828.0,1598.0,524.0,911.0,138.0,48.0,150.0,208.0,67.0,83.0,48.0,35.0,45.0,62.0,992.0,633.0,349.0,6.0,1195.0,8240.0,6127.077369223333
Gotha,Kreis,134472,1.0,0.0,0.0,7.0,5.0,239.0,697.0,1430.0,543.0,952.0,73.0,26.0,142.0,205.0,27.0,69.0,38.0,31.0,45.0,43.0,924.0,566.0,290.0,3.0,948.0,7304.0,5431.614016300791
Grafschaft Bentheim,Kreis,141946,18.0,0.0,0.0,11.0,0.0,200.0,589.0,1299.0,418.0,958.0,53.0,16.0,598.0,136.0,72.0,48.0,22.0,26.0,108.0,36.0,542.0,1288.0,261.0,4.0,1267.0,7970.0,5614.811266256182
Greiz,Kreis,95563,5.0,0.0,0.0,5.0,2.0,131.0,431.0,581.0,181.0,370.0,29.0,7.0,39.0,88.0,16.0,48.0,32.0,16.0,15.0,65.0,666.0,368.0,158.0,1.0,514.0,3768.0,3942.948630746209
Groß-Gerau,Kreis,281712,35.0,0.0,1.0,22.0,7.0,349.0,1028.0,2115.0,728.0,1438.0,192.0,42.0,483.0,514.0,50.0,96.0,60.0,36.0,166.0,41.0,1145.0,590.0,470.0,8.0,2013.0,11629.0,4127.974669165673
Göppingen,Kreis,263706,17.0,0.0,3.0,33.0,4.0,268.0,1046.0,2130.0,674.0,1066.0,111.0,37.0,306.0,398.0,37.0,88.0,34.0,54.0,87.0,45.0,1027.0,461.0,372.0,10.0,1581.0,9889.0,3750.009480254526
Görlitz,Kreis,248479,12.0,0.0,6.0,25.0,6.0,429.0,1169.0,2350.0,828.0,3538.0,131.0,47.0,1046.0,445.0,43.0,143.0,98.0,45.0,116.0,114.0,1764.0,810.0,518.0,1.0,2788.0,16472.0,6629.13163687877
Göttingen,Kreis,328952,46.0,0.0,3.0,38.0,13.0,606.0,1795.0,4290.0,1496.0,3923.0,214.0,64.0,2600.0,509.0,230.0,162.0,94.0,68.0,237.0,77.0,2491.0,1739.0,794.0,2.0,5421.0,26912.0,8181.132809650041
Günzburg,Kreis,131375,20.0,0.0,0.0,2.0,2.0,138.0,527.0,824.0,262.0,330.0,16.0,8.0,142.0,76.0,16.0,42.0,17.0,25.0,33.0,15.0,515.0,281.0,176.0,2.0,679.0,4148.0,3157.3739295908654
Gütersloh,Kreis,372938,57.0,0.0,4.0,52.0,9.0,530.0,1452.0,4119.0,1483.0,3180.0,280.0,100.0,1579.0,797.0,256.0,209.0,165.0,44.0,222.0,20.0,1598.0,782.0,737.0,9.0,4417.0,22101.0,5926.186122089999
Hagen,City,190490,52.0,0.0,0.0,66.0,6.0,530.0,1395.0,4027.0,1681.0,1968.0,330.0,139.0,181.0,798.0,466.0,179.0,116.0,63.0,220.0,48.0,1745.0,1101.0,765.0,7.0,3370.0,19253.0,10107.092235812903
Halle (Saale),City,242172,54.0,0.0,3.0,159.0,18.0,910.0,2505.0,5465.0,2472.0,5943.0,258.0,86.0,2140.0,956.0,227.0,206.0,107.0,99.0,213.0,88.0,3596.0,1498.0,1292.0,8.0,5457.0,33760.0,13940.505095551922
Hamburg,City,1910160,266.0,0.0,68.0,1137.0,72.0,5867.0,16302.0,63356.0,19479.0,35199.0,3080.0,1246.0,13516.0,12854.0,13328.0,1708.0,806.0,902.0,892.0,274.0,17345.0,17001.0,8382.0,72.0,54782.0,287934.0,15073.81580600578
Hameln-Pyrmont,Kreis,150377,23.0,0.0,0.0,6.0,3.0,279.0,879.0,1541.0,543.0,648.0,109.0,31.0,165.0,143.0,104.0,61.0,33.0,28.0,91.0,52.0,750.0,735.0,349.0,4.0,1000.0,7577.0,5038.669477380185
Hamm,City,180761,22.0,0.0,4.0,76.0,13.0,507.0,1322.0,4837.0,1963.0,2944.0,296.0,115.0,794.0,1325.0,357.0,172.0,101.0,71.0,119.0,65.0,1731.0,835.0,745.0,6.0,4254.0,22674.0,12543.634965506939
Harburg,Kreis,263616,31.0,0.0,4.0,21.0,3.0,353.0,1031.0,2655.0,981.0,2161.0,310.0,96.0,836.0,632.0,198.0,80.0,41.0,39.0,136.0,82.0,1278.0,597.0,486.0,8.0,2787.0,14846.0,5631.676377761592
Harz,Kreis,208804,34.0,0.0,0.0,29.0,12.0,429.0,1150.0,2423.0,772.0,1860.0,142.0,49.0,399.0,625.0,69.0,77.0,48.0,29.0,107.0,100.0,1421.0,593.0,537.0,2.0,2093.0,13000.0,6225.9343690733895
Havelland,Kreis,170556,25.0,0.0,0.0,30.0,4.0,223.0,711.0,1567.0,522.0,1720.0,253.0,124.0,587.0,392.0,93.0,50.0,23.0,27.0,70.0,53.0,1389.0,238.0,317.0,0.0,1755.0,10173.0,5964.609864208823
Haßberge,Kreis,85371,5.0,0.0,0.0,0.0,0.0,65.0,316.0,431.0,120.0,101.0,11.0,4.0,31.0,78.0,9.0,30.0,12.0,18.0,13.0,6.0,306.0,259.0,79.0,3.0,354.0,2251.0,2636.7267573297727
Heidekreis,Kreis,143220,31.0,0.0,0.0,9.0,8.0,288.0,1004.0,1789.0,587.0,1190.0,212.0,63.0,307.0,413.0,113.0,66.0,42.0,24.0,118.0,64.0,951.0,641.0,388.0,4.0,1560.0,9872.0,6892.892054182377
Heidelberg,City,162960,22.0,0.0,2.0,30.0,3.0,409.0,958.0,3969.0,1939.0,1680.0,70.0,11.0,838.0,362.0,407.0,133.0,51.0,82.0,46.0,22.0,1079.0,788.0,546.0,7.0,2389.0,15843.0,9722.017673048602
Heidenheim,Kreis,135470,8.0,0.0,0.0,12.0,1.0,137.0,462.0,992.0,450.0,411.0,56.0,10.0,113.0,135.0,19.0,35.0,10.0,25.0,38.0,14.0,483.0,234.0,181.0,4.0,604.0,4434.0,3273.0493836273718
Heilbronn,City,355359,26.0,0.0,0.0,19.0,4.0,379.0,938.0,2220.0,1041.0,965.0,58.0,13.0,370.0,389.0,73.0,107.0,53.0,54.0,106.0,23.0,976.0,1155.0,487.0,5.0,1652.0,11113.0,3127.2600384400002
Heilbronn,Kreis,355359,27.0,0.0,1.0,21.0,6.0,330.0,1006.0,2434.0,940.0,1513.0,114.0,30.0,240.0,525.0,44.0,82.0,28.0,54.0,128.0,58.0,1193.0,587.0,427.0,11.0,1716.0,11515.0,3240.385075374481
Heinsberg,Kreis,262656,37.0,1.0,3.0,28.0,8.0,388.0,1182.0,2564.0,731.0,1821.0,249.0,104.0,487.0,700.0,119.0,270.0,71.0,199.0,129.0,60.0,1593.0,884.0,511.0,9.0,3125.0,15273.0,5814.830043859649
Helmstedt,Kreis,92123,22.0,0.0,2.0,7.0,2.0,180.0,569.0,959.0,272.0,789.0,80.0,26.0,91.0,214.0,38.0,36.0,21.0,15.0,37.0,49.0,731.0,330.0,236.0,1.0,968.0,5675.0,6160.242284771447
Herford,Kreis,253136,35.0,0.0,1.0,26.0,8.0,376.0,912.0,2974.0,1189.0,1264.0,179.0,73.0,311.0,533.0,207.0,60.0,37.0,23.0,170.0,37.0,1179.0,355.0,525.0,7.0,2384.0,12865.0,5082.248277605714
Herne,City,157896,20.0,0.0,11.0,44.0,5.0,342.0,1308.0,3124.0,1018.0,1981.0,343.0,152.0,363.0,856.0,313.0,104.0,54.0,50.0,101.0,30.0,1426.0,883.0,491.0,5.0,3002.0,16026.0,10149.718802249583
Hersfeld-Rotenburg,Kreis,121348,9.0,0.0,2.0,10.0,2.0,196.0,443.0,943.0,319.0,436.0,57.0,13.0,61.0,175.0,26.0,40.0,27.0,13.0,59.0,16.0,477.0,732.0,242.0,4.0,647.0,4949.0,4078.353166100801
Herzogtum Lauenburg,Kreis,204836,26.0,0.0,0.0,17.0,6.0,209.0,896.0,1776.0,677.0,1219.0,249.0,60.0,278.0,403.0,143.0,76.0,39.0,37.0,44.0,48.0,1155.0,522.0,281.0,5.0,1702.0,9868.0,4817.512546622664
Hildburghausen,Kreis,61329,4.0,0.0,0.0,1.0,0.0,58.0,239.0,441.0,107.0,284.0,21.0,6.0,30.0,61.0,6.0,11.0,8.0,3.0,140.0,21.0,326.0,166.0,69.0,1.0,259.0,2262.0,3688.304064961111
Hildesheim,Kreis,278571,60.0,0.0,2.0,39.0,3.0,470.0,1505.0,3236.0,1197.0,2641.0,246.0,109.0,883.0,472.0,186.0,99.0,57.0,42.0,167.0,52.0,1867.0,1102.0,668.0,12.0,3040.0,18155.0,6517.189513624892
Hochsauerlandkreis,Kreis,261774,42.0,0.0,3.0,29.0,3.0,389.0,981.0,2539.0,638.0,1084.0,195.0,49.0,231.0,381.0,220.0,108.0,85.0,23.0,57.0,35.0,1405.0,1084.0,516.0,7.0,2318.0,12422.0,4745.3146607378885
Hochtaunuskreis,Kreis,241449,17.0,0.0,2.0,15.0,7.0,276.0,689.0,1555.0,498.0,1059.0,242.0,70.0,347.0,304.0,61.0,30.0,12.0,18.0,95.0,35.0,963.0,461.0,350.0,10.0,1509.0,8625.0,3572.1829454667445
Hof,City,94333,15.0,0.0,0.0,1.0,1.0,113.0,397.0,691.0,268.0,280.0,32.0,12.0,87.0,53.0,17.0,53.0,27.0,26.0,28.0,25.0,442.0,351.0,148.0,6.0,525.0,3598.0,3814.147753172273
Hof,Kreis,94333,8.0,0.0,0.0,1.0,0.0,89.0,339.0,487.0,111.0,189.0,24.0,6.0,34.0,61.0,3.0,22.0,11.0,11.0,34.0,15.0,363.0,874.0,113.0,5.0,408.0,3208.0,3400.7187304548775
Hohenlohekreis,Kreis,115796,12.0,0.0,1.0,4.0,2.0,113.0,381.0,691.0,216.0,365.0,52.0,16.0,74.0,142.0,18.0,36.0,16.0,20.0,46.0,26.0,408.0,241.0,142.0,4.0,521.0,3547.0,3063.1455317972986
Holzminden,Kreis,70706,11.0,0.0,1.0,6.0,2.0,102.0,306.0,552.0,129.0,310.0,54.0,21.0,87.0,52.0,28.0,25.0,12.0,13.0,37.0,12.0,416.0,259.0,134.0,4.0,497.0,3070.0,4341.922891975221
Höxter,Kreis,141883,21.0,0.0,0.0,7.0,5.0,230.0,647.0,1421.0,475.0,513.0,49.0,12.0,150.0,212.0,96.0,58.0,34.0,24.0,48.0,39.0,647.0,472.0,284.0,1.0,1153.0,6598.0,4650.310467074984
Ilm-Kreis,Kreis,106775,3.0,0.0,1.0,5.0,4.0,176.0,611.0,934.0,333.0,783.0,26.0,12.0,168.0,203.0,24.0,51.0,24.0,27.0,54.0,54.0,813.0,359.0,206.0,0.0,899.0,5770.0,5403.886677593069
Ingolstadt,City,142308,22.0,0.0,2.0,6.0,0.0,351.0,963.0,1825.0,847.0,1262.0,58.0,27.0,807.0,151.0,53.0,74.0,25.0,49.0,68.0,31.0,877.0,978.0,425.0,11.0,1811.0,10723.0,7535.064789049105
Jena,City,110791,4.0,0.0,2.0,10.0,5.0,179.0,474.0,1523.0,507.0,892.0,43.0,15.0,353.0,139.0,95.0,81.0,50.0,31.0,22.0,13.0,1225.0,453.0,221.0,1.0,1231.0,7569.0,6831.782364993546
Jerichower Land,Kreis,89914,13.0,0.0,1.0,8.0,3.0,245.0,669.0,916.0,295.0,958.0,86.0,25.0,232.0,233.0,41.0,35.0,16.0,19.0,51.0,70.0,616.0,295.0,289.0,1.0,1005.0,6122.0,6808.7283404141735
Kaiserslautern,City,108540,20.0,0.0,2.0,55.0,4.0,357.0,1082.0,2409.0,914.0,725.0,84.0,34.0,173.0,518.0,164.0,117.0,52.0,65.0,61.0,21.0,1167.0,959.0,463.0,3.0,1931.0,11380.0,10484.613967201032
Kaiserslautern,Kreis,108540,13.0,0.0,0.0,7.0,4.0,115.0,454.0,798.0,134.0,311.0,56.0,22.0,56.0,233.0,35.0,17.0,8.0,9.0,44.0,26.0,523.0,261.0,151.0,3.0,753.0,4033.0,3715.6808549843377
Karlsruhe,City,456392,49.0,0.0,4.0,116.0,8.0,644.0,1502.0,5494.0,1908.0,4041.0,240.0,68.0,1564.0,1048.0,605.0,229.0,104.0,125.0,139.0,65.0,2248.0,1605.0,951.0,8.0,5008.0,27773.0,6085.338919174745
Karlsruhe,Kreis,456392,35.0,0.0,1.0,41.0,6.0,369.0,1323.0,3000.0,935.0,2190.0,190.0,63.0,714.0,768.0,135.0,100.0,34.0,66.0,157.0,59.0,1890.0,931.0,522.0,5.0,3068.0,16602.0,3637.662360427001
Kassel,City,241095,54.0,0.0,5.0,76.0,13.0,801.0,1526.0,5466.0,2668.0,6042.0,263.0,85.0,1938.0,1218.0,387.0,150.0,87.0,63.0,213.0,49.0,1842.0,1466.0,1101.0,14.0,4596.0,30123.0,12494.245007154856
Kassel,Kreis,241095,18.0,0.0,0.0,22.0,5.0,280.0,636.0,1514.0,273.0,1095.0,144.0,27.0,247.0,419.0,89.0,28.0,14.0,14.0,90.0,37.0,888.0,291.0,346.0,2.0,1453.0,7932.0,3289.9894232563925
Kaufbeuren,City,46386,9.0,0.0,0.0,0.0,0.0,64.0,204.0,356.0,132.0,138.0,14.0,4.0,91.0,27.0,6.0,26.0,14.0,12.0,32.0,6.0,206.0,84.0,83.0,2.0,315.0,1825.0,3934.3767516060884
Kelheim,Kreis,126539,7.0,0.0,1.0,1.0,1.0,104.0,391.0,589.0,159.0,261.0,16.0,4.0,115.0,81.0,18.0,23.0,5.0,18.0,28.0,7.0,349.0,202.0,131.0,2.0,510.0,3023.0,2388.9867945850683
Kempten (Allgäu),City,70713,8.0,0.0,0.0,5.0,1.0,131.0,502.0,777.0,376.0,194.0,11.0,5.0,111.0,35.0,20.0,53.0,21.0,32.0,41.0,9.0,395.0,415.0,168.0,3.0,502.0,3815.0,5395.047586723798
Kiel,City,248873,40.0,0.0,3.0,128.0,18.0,629.0,1670.0,6743.0,3236.0,6517.0,290.0,103.0,2186.0,1752.0,543.0,191.0,69.0,122.0,115.0,76.0,2501.0,1359.0,916.0,9.0,6662.0,35878.0,14416.188176298756
Kitzingen,Kreis,93818,7.0,0.0,0.0,3.0,0.0,84.0,288.0,583.0,158.0,229.0,14.0,6.0,81.0,92.0,13.0,34.0,12.0,22.0,18.0,18.0,484.0,402.0,109.0,2.0,587.0,3246.0,3459.8904261442367
Kleve,Kreis,321491,58.0,0.0,3.0,32.0,12.0,533.0,1654.0,4285.0,1273.0,3882.0,358.0,112.0,1703.0,1121.0,235.0,98.0,71.0,27.0,145.0,86.0,1802.0,2995.0,741.0,4.0,5118.0,26348.0,8195.563794942938
Koblenz,City,115298,16.0,0.0,1.0,51.0,7.0,334.0,894.0,2548.0,1090.0,753.0,60.0,31.0,271.0,260.0,229.0,121.0,76.0,45.0,55.0,37.0,7151.0,1033.0,439.0,2.0,8086.0,23590.0,20460.02532567781
Konstanz,Kreis,294176,36.0,0.0,2.0,49.0,2.0,359.0,1095.0,3524.0,1576.0,1764.0,107.0,27.0,1016.0,369.0,122.0,189.0,86.0,103.0,112.0,60.0,1476.0,1181.0,495.0,9.0,2594.0,16353.0,5558.917110845208
Krefeld,City,228550,34.0,1.0,5.0,127.0,15.0,534.0,1437.0,5721.0,2365.0,4586.0,552.0,231.0,1562.0,1390.0,435.0,135.0,77.0,58.0,227.0,82.0,1625.0,789.0,856.0,5.0,5309.0,28158.0,12320.280026252462
Kronach,Kreis,66294,3.0,0.0,0.0,0.0,0.0,50.0,194.0,405.0,102.0,93.0,13.0,6.0,71.0,33.0,5.0,16.0,2.0,14.0,8.0,4.0,242.0,169.0,65.0,6.0,241.0,1742.0,2627.688780281775
Kulmbach,Kreis,71956,12.0,0.0,0.0,0.0,0.0,50.0,263.0,395.0,132.0,73.0,9.0,3.0,16.0,40.0,6.0,31.0,12.0,19.0,18.0,12.0,338.0,208.0,70.0,1.0,323.0,2031.0,2822.5582300294627
Kusel,Kreis,71140,13.0,0.0,0.0,4.0,1.0,135.0,424.0,572.0,141.0,320.0,49.0,21.0,34.0,122.0,27.0,34.0,16.0,18.0,18.0,26.0,385.0,176.0,163.0,0.0,568.0,3267.0,4592.353106550464
Kyffhäuserkreis,Kreis,73216,5.0,0.0,1.0,7.0,3.0,131.0,466.0,621.0,175.0,517.0,58.0,19.0,51.0,100.0,20.0,36.0,29.0,7.0,25.0,43.0,511.0,353.0,156.0,1.0,491.0,3826.0,5225.633741258742
Köln,City,1087353,333.0,0.0,50.0,731.0,72.0,4046.0,9529.0,36552.0,9979.0,25532.0,2374.0,906.0,8426.0,10203.0,7722.0,931.0,592.0,339.0,1423.0,206.0,9392.0,7329.0,5785.0,27.0,39272.0,181751.0,16714.99503840979
Lahn-Dill-Kreis,Kreis,258488,32.0,0.0,0.0,21.0,5.0,288.0,737.0,2014.0,815.0,705.0,113.0,24.0,110.0,337.0,153.0,65.0,26.0,39.0,110.0,45.0,930.0,756.0,384.0,3.0,1356.0,9068.0,3508.0932190275757
Landau in der Pfalz,City,48341,16.0,0.0,1.0,13.0,0.0,133.0,353.0,899.0,263.0,572.0,61.0,19.0,325.0,136.0,46.0,36.0,17.0,19.0,13.0,14.0,472.0,255.0,185.0,1.0,957.0,4806.0,9941.871289381685
Landkreis Rostock,Kreis,221431,8.0,1.0,0.0,15.0,12.0,289.0,859.0,1782.0,689.0,1277.0,90.0,31.0,393.0,397.0,65.0,100.0,40.0,60.0,52.0,70.0,1403.0,781.0,363.0,3.0,1819.0,10599.0,4786.592663177243
Landsberg am Lech,Kreis,124311,8.0,0.0,0.0,0.0,1.0,107.0,362.0,584.0,171.0,278.0,15.0,3.0,158.0,63.0,15.0,26.0,13.0,13.0,33.0,14.0,472.0,261.0,123.0,2.0,534.0,3256.0,2619.2372356428637
Landshut,City,165608,9.0,0.0,0.0,4.0,1.0,153.0,548.0,1092.0,476.0,551.0,16.0,7.0,437.0,78.0,38.0,56.0,14.0,42.0,41.0,19.0,647.0,525.0,200.0,5.0,1119.0,6078.0,3670.1125549490366
Landshut,Kreis,165608,11.0,0.0,0.0,0.0,0.0,105.0,394.0,692.0,245.0,250.0,16.0,1.0,134.0,79.0,11.0,26.0,12.0,14.0,30.0,14.0,525.0,241.0,127.0,5.0,667.0,3599.0,2173.204193034153
Leer,Kreis,173924,26.0,0.0,2.0,14.0,7.0,269.0,753.0,1737.0,611.0,1037.0,146.0,47.0,534.0,241.0,147.0,97.0,62.0,35.0,163.0,20.0,775.0,1324.0,355.0,4.0,1547.0,9953.0,5722.614475288057
Leipzig,City,261573,48.0,0.0,12.0,241.0,19.0,1745.0,3775.0,14250.0,6403.0,15098.0,613.0,305.0,5646.0,4361.0,796.0,465.0,278.0,187.0,106.0,258.0,7670.0,2326.0,2310.0,25.0,16580.0,83517.0,31928.754114530166
Leipzig,Kreis,261573,9.0,0.0,2.0,29.0,6.0,311.0,848.0,2197.0,568.0,2275.0,147.0,54.0,707.0,682.0,65.0,80.0,43.0,37.0,15.0,113.0,1388.0,413.0,392.0,7.0,2454.0,12842.0,4909.528124080085
Leverkusen,City,166414,31.0,0.0,4.0,44.0,6.0,327.0,961.0,2669.0,839.0,2067.0,265.0,102.0,445.0,965.0,242.0,84.0,41.0,43.0,170.0,23.0,920.0,514.0,461.0,3.0,2865.0,14091.0,8467.43663393705
Lichtenfels,Kreis,67555,4.0,0.0,0.0,1.0,1.0,85.0,242.0,475.0,177.0,151.0,9.0,4.0,60.0,32.0,3.0,22.0,11.0,11.0,15.0,14.0,345.0,212.0,107.0,6.0,330.0,2317.0,3429.79794241729
Limburg-Weilburg,Kreis,175690,27.0,3.0,1.0,21.0,1.0,268.0,674.0,1706.0,453.0,870.0,162.0,50.0,188.0,422.0,109.0,42.0,18.0,24.0,59.0,44.0,776.0,498.0,353.0,6.0,1417.0,8192.0,4662.758267402812
Lindau (Bodensee),Kreis,83671,8.0,0.0,0.0,2.0,0.0,96.0,312.0,561.0,202.0,207.0,18.0,7.0,136.0,37.0,7.0,35.0,9.0,26.0,32.0,11.0,376.0,455.0,118.0,3.0,467.0,3125.0,3734.866321664615
Lippe,Kreis,349781,47.0,0.0,2.0,46.0,8.0,471.0,1213.0,3054.0,995.0,1769.0,218.0,78.0,569.0,546.0,253.0,110.0,79.0,31.0,168.0,66.0,1561.0,477.0,656.0,6.0,3034.0,15457.0,4419.050777486485
Ludwigsburg,Kreis,553689,36.0,3.0,4.0,61.0,6.0,554.0,2185.0,3807.0,1352.0,1987.0,286.0,77.0,487.0,625.0,166.0,155.0,73.0,82.0,130.0,96.0,2569.0,1205.0,763.0,14.0,3020.0,19743.0,3565.720106413528
Ludwigshafen am Rhein,City,176110,46.0,0.0,4.0,78.0,10.0,581.0,1342.0,3032.0,1122.0,2004.0,134.0,49.0,605.0,644.0,164.0,76.0,31.0,45.0,146.0,52.0,1333.0,1163.0,783.0,3.0,3162.0,16609.0,9431.037419794447
Ludwigslust-Parchim,Kreis,214057,17.0,0.0,1.0,14.0,4.0,329.0,889.0,1950.0,580.0,1266.0,71.0,23.0,310.0,437.0,74.0,61.0,28.0,33.0,54.0,126.0,1577.0,675.0,389.0,3.0,1658.0,10569.0,4937.469926234601
Lörrach,Kreis,234909,37.0,0.0,0.0,26.0,1.0,409.0,1350.0,3179.0,1268.0,1743.0,154.0,49.0,864.0,521.0,108.0,161.0,85.0,76.0,139.0,59.0,1502.0,1490.0,527.0,4.0,2578.0,16330.0,6951.628077255448
Lübeck,City,219044,35.0,0.0,0.0,76.0,14.0,608.0,1945.0,4670.0,2175.0,3430.0,286.0,86.0,1299.0,735.0,255.0,235.0,121.0,114.0,97.0,42.0,2537.0,1732.0,822.0,5.0,4563.0,25882.0,11815.890871240481
Lüchow-Dannenberg,Kreis,49209,6.0,0.0,0.0,1.0,3.0,87.0,246.0,416.0,89.0,230.0,42.0,16.0,63.0,45.0,21.0,51.0,25.0,26.0,15.0,19.0,280.0,288.0,107.0,3.0,361.0,2440.0,4958.442561320084
Lüneburg,Kreis,188859,34.0,0.0,4.0,21.0,4.0,296.0,1131.0,2812.0,1067.0,2809.0,200.0,78.0,1335.0,630.0,184.0,63.0,26.0,37.0,79.0,77.0,1420.0,747.0,451.0,13.0,3261.0,16779.0,8884.405826569027
Magdeburg,City,240114,54.0,1.0,6.0,147.0,27.0,873.0,2209.0,5810.0,3074.0,5374.0,294.0,92.0,2301.0,1088.0,211.0,293.0,172.0,121.0,120.0,90.0,3451.0,1278.0,1246.0,10.0,6004.0,34346.0,14304.03891484878
Main-Kinzig-Kreis,Kreis,434002,42.0,1.0,3.0,43.0,8.0,444.0,1201.0,3291.0,1595.0,1993.0,296.0,85.0,498.0,787.0,107.0,75.0,14.0,61.0,168.0,148.0,1550.0,1073.0,621.0,13.0,2685.0,16802.0,3871.4107308261255
Main-Spessart,Kreis,127642,9.0,0.0,1.0,0.0,0.0,80.0,297.0,587.0,198.0,226.0,25.0,12.0,74.0,73.0,5.0,26.0,10.0,16.0,32.0,11.0,422.0,296.0,102.0,5.0,490.0,2997.0,2347.9732376490497
Main-Tauber-Kreis,Kreis,135371,13.0,0.0,0.0,7.0,1.0,118.0,552.0,1090.0,422.0,387.0,36.0,9.0,129.0,160.0,36.0,59.0,22.0,37.0,57.0,24.0,592.0,469.0,152.0,3.0,731.0,5106.0,3771.856601487764
Main-Taunus-Kreis,Kreis,243307,36.0,1.0,0.0,26.0,7.0,297.0,843.0,2100.0,739.0,1432.0,243.0,66.0,445.0,598.0,68.0,64.0,28.0,36.0,97.0,29.0,1190.0,604.0,423.0,3.0,2191.0,11566.0,4753.66512266396
Mainz,City,222889,48.0,0.0,1.0,57.0,1.0,514.0,1293.0,3651.0,1392.0,1735.0,94.0,42.0,754.0,493.0,266.0,117.0,57.0,60.0,80.0,21.0,1711.0,961.0,660.0,3.0,3495.0,17506.0,7854.133671917411
Mainz-Bingen,Kreis,215286,20.0,0.0,1.0,15.0,1.0,219.0,695.0,1551.0,513.0,836.0,112.0,50.0,251.0,302.0,49.0,42.0,22.0,20.0,51.0,28.0,1155.0,584.0,279.0,2.0,1737.0,8535.0,3964.493743206711
Mannheim,City,316877,44.0,0.0,4.0,146.0,2.0,704.0,1457.0,7044.0,2656.0,3873.0,200.0,61.0,1498.0,1504.0,702.0,210.0,78.0,132.0,189.0,46.0,2268.0,1918.0,1045.0,13.0,5555.0,31349.0,9893.11310066682
Mansfeld-Südharz,Kreis,131071,13.0,0.0,2.0,7.0,7.0,261.0,731.0,1398.0,379.0,933.0,77.0,16.0,101.0,455.0,20.0,41.0,26.0,15.0,56.0,39.0,907.0,415.0,331.0,4.0,1164.0,7398.0,5644.269136574834
Marburg-Biedenkopf,Kreis,250441,43.0,0.0,1.0,52.0,5.0,325.0,971.0,2441.0,903.0,1132.0,175.0,57.0,324.0,400.0,156.0,79.0,56.0,23.0,75.0,63.0,1188.0,1067.0,484.0,12.0,1773.0,11805.0,4713.685059554945
Mayen-Koblenz,Kreis,219001,27.0,0.0,0.0,40.0,3.0,295.0,935.0,1660.0,332.0,709.0,140.0,46.0,134.0,361.0,102.0,75.0,39.0,36.0,62.0,59.0,1013.0,1017.0,390.0,1.0,1624.0,9100.0,4155.232167889644
Mecklenburgische Seenplatte,Kreis,259312,4.0,1.0,4.0,44.0,9.0,402.0,1141.0,2882.0,1198.0,1969.0,167.0,67.0,575.0,414.0,64.0,149.0,86.0,63.0,60.0,108.0,2518.0,1545.0,517.0,6.0,2678.0,16671.0,6428.935028074288
Meißen,Kreis,241160,23.0,0.0,2.0,32.0,7.0,272.0,856.0,1971.0,589.0,1849.0,108.0,48.0,508.0,414.0,88.0,83.0,62.0,21.0,49.0,131.0,1599.0,484.0,366.0,2.0,2138.0,11702.0,4852.380162547686
Memmingen,City,46178,7.0,0.0,0.0,1.0,1.0,77.0,201.0,443.0,178.0,227.0,12.0,4.0,173.0,36.0,7.0,42.0,14.0,28.0,19.0,7.0,237.0,372.0,95.0,0.0,395.0,2576.0,5578.413963359175
Merzig-Wadern,Kreis,104327,6.0,0.0,1.0,7.0,1.0,147.0,538.0,944.0,198.0,438.0,79.0,26.0,55.0,191.0,81.0,44.0,29.0,15.0,30.0,38.0,653.0,261.0,173.0,0.0,747.0,4702.0,4506.98285199421
Mettmann,Kreis,490251,57.0,0.0,6.0,94.0,11.0,927.0,2456.0,5813.0,1496.0,4341.0,611.0,251.0,854.0,1723.0,710.0,250.0,122.0,128.0,302.0,90.0,2989.0,1450.0,1215.0,10.0,6734.0,32640.0,6657.814058512884
Miesbach,Kreis,101451,10.0,0.0,0.0,0.0,1.0,110.0,344.0,559.0,117.0,194.0,17.0,8.0,128.0,46.0,9.0,30.0,11.0,19.0,27.0,21.0,717.0,395.0,134.0,2.0,783.0,3682.0,3629.3383012488785
Miltenberg,Kreis,130363,3.0,0.0,0.0,3.0,0.0,96.0,351.0,472.0,106.0,209.0,43.0,14.0,83.0,84.0,8.0,34.0,11.0,23.0,38.0,19.0,407.0,359.0,110.0,2.0,552.0,3027.0,2321.9778618166197
Minden-Lübbecke,Kreis,316196,60.0,1.0,2.0,58.0,9.0,559.0,1239.0,3413.0,1264.0,2211.0,219.0,78.0,750.0,793.0,197.0,132.0,90.0,42.0,139.0,91.0,1686.0,912.0,781.0,11.0,3551.0,18288.0,5783.754380194563
Mittelsachsen,Kreis,300308,14.0,0.0,0.0,21.0,7.0,296.0,865.0,1851.0,549.0,1552.0,106.0,47.0,324.0,389.0,43.0,73.0,48.0,25.0,37.0,106.0,1706.0,525.0,368.0,5.0,1888.0,10845.0,3611.292406462698
Märkisch-Oderland,Kreis,201111,24.0,0.0,3.0,41.0,1.0,261.0,674.0,1389.0,365.0,1613.0,230.0,79.0,442.0,369.0,52.0,46.0,17.0,29.0,99.0,78.0,1222.0,404.0,366.0,0.0,1692.0,9496.0,4721.770564514124
Märkischer Kreis,Kreis,408579,60.0,0.0,1.0,47.0,10.0,717.0,2304.0,4720.0,1385.0,2185.0,396.0,147.0,322.0,1036.0,481.0,188.0,116.0,72.0,301.0,212.0,2682.0,1060.0,946.0,8.0,4732.0,24128.0,5905.3451107374585
Mönchengladbach,City,268943,60.0,0.0,4.0,141.0,18.0,795.0,1984.0,6489.0,2880.0,3889.0,433.0,172.0,830.0,1789.0,493.0,205.0,125.0,80.0,337.0,48.0,2165.0,1471.0,1174.0,14.0,5546.0,31142.0,11579.405301495111
Mühldorf a.Inn,Kreis,120732,12.0,0.0,0.0,3.0,1.0,116.0,501.0,594.0,192.0,250.0,15.0,3.0,136.0,71.0,12.0,50.0,22.0,28.0,73.0,23.0,486.0,279.0,154.0,7.0,549.0,3577.0,2962.7604943179936
Mülheim an der Ruhr,City,173255,37.0,0.0,1.0,35.0,7.0,319.0,885.0,2366.0,731.0,1940.0,488.0,233.0,356.0,514.0,203.0,77.0,65.0,12.0,120.0,77.0,1029.0,793.0,443.0,4.0,2210.0,12945.0,7471.645839946898
München,City,358480,243.0,0.0,40.0,258.0,17.0,3445.0,7928.0,18544.0,7861.0,10595.0,783.0,325.0,5504.0,1935.0,1436.0,941.0,403.0,538.0,592.0,121.0,9198.0,8966.0,4471.0,45.0,18027.0,102216.0,28513.724615041287
München,Kreis,358480,29.0,0.0,1.0,25.0,2.0,338.0,930.0,2033.0,499.0,1733.0,107.0,41.0,1116.0,380.0,48.0,81.0,21.0,60.0,79.0,32.0,1468.0,801.0,434.0,6.0,2760.0,13024.0,3633.117607676858
Münster,City,322904,59.0,0.0,7.0,136.0,7.0,793.0,1980.0,9008.0,3018.0,7966.0,429.0,160.0,3725.0,1576.0,953.0,251.0,178.0,73.0,201.0,55.0,2796.0,1901.0,1170.0,4.0,9497.0,45943.0,14228.067784852463
Neckar-Odenwald-Kreis,Kreis,146070,17.0,0.0,0.0,5.0,2.0,198.0,576.0,832.0,242.0,391.0,52.0,17.0,45.0,191.0,16.0,52.0,19.0,33.0,58.0,23.0,642.0,399.0,248.0,3.0,667.0,4728.0,3236.80427192442
Neu-Ulm,Kreis,182600,14.0,0.0,0.0,4.0,2.0,230.0,789.0,1209.0,453.0,640.0,66.0,21.0,250.0,142.0,18.0,57.0,29.0,28.0,41.0,14.0,710.0,596.0,285.0,4.0,974.0,6576.0,3601.3143483023
Neuburg-Schrobenhausen,Kreis,101109,7.0,0.0,0.0,0.0,0.0,119.0,356.0,554.0,144.0,298.0,29.0,4.0,186.0,69.0,24.0,32.0,13.0,19.0,47.0,12.0,378.0,217.0,134.0,2.0,577.0,3221.0,3185.6709096123986
Neumarkt i.d.OPf.,Kreis,139277,5.0,0.0,0.0,0.0,1.0,105.0,327.0,653.0,204.0,400.0,26.0,8.0,212.0,112.0,17.0,15.0,5.0,10.0,23.0,9.0,358.0,251.0,124.0,1.0,648.0,3514.0,2523.029645957337
Neumünster,City,80185,14.0,0.0,6.0,83.0,8.0,309.0,805.0,3296.0,1313.0,2090.0,179.0,56.0,633.0,532.0,595.0,115.0,61.0,54.0,74.0,33.0,870.0,1038.0,471.0,1.0,2593.0,15229.0,18992.33023632849
Neunkirchen,Kreis,132393,21.0,0.0,3.0,17.0,7.0,240.0,808.0,2126.0,738.0,664.0,114.0,36.0,52.0,394.0,120.0,67.0,43.0,24.0,55.0,43.0,953.0,493.0,320.0,6.0,1398.0,8742.0,6603.068138043553
Neustadt a.d.Aisch-Bad Windsheim,Kreis,103654,6.0,0.0,0.0,2.0,0.0,95.0,296.0,530.0,140.0,167.0,7.0,3.0,101.0,63.0,7.0,18.0,3.0,15.0,42.0,10.0,474.0,184.0,112.0,3.0,517.0,2795.0,2696.4709514345805
Neustadt a.d.Waldnaab,Kreis,96400,7.0,0.0,0.0,1.0,0.0,60.0,249.0,316.0,61.0,134.0,18.0,6.0,31.0,39.0,2.0,25.0,14.0,11.0,41.0,12.0,225.0,376.0,73.0,0.0,216.0,1917.0,1988.5892116182572
Neustadt an der Weinstraße,City,53920,12.0,0.0,0.0,7.0,2.0,112.0,356.0,762.0,268.0,337.0,47.0,17.0,95.0,138.0,42.0,31.0,13.0,18.0,28.0,13.0,372.0,318.0,147.0,0.0,618.0,3753.0,6960.311572700297
Neuwied,Kreis,188139,32.0,0.0,1.0,21.0,4.0,245.0,800.0,1502.0,383.0,731.0,126.0,45.0,161.0,330.0,79.0,81.0,48.0,33.0,68.0,51.0,903.0,876.0,338.0,5.0,1408.0,8271.0,4396.217690112098
Nienburg (Weser),Kreis,123888,21.0,0.0,1.0,13.0,2.0,162.0,502.0,1481.0,482.0,1175.0,209.0,64.0,384.0,249.0,58.0,41.0,23.0,18.0,61.0,29.0,676.0,316.0,243.0,4.0,1115.0,7329.0,5915.827198760171
Nordfriesland,Kreis,170007,29.0,0.0,0.0,14.0,3.0,219.0,779.0,2008.0,602.0,1081.0,145.0,19.0,462.0,287.0,89.0,64.0,31.0,33.0,56.0,51.0,1260.0,414.0,283.0,3.0,1815.0,9747.0,5733.293334980324
Nordhausen,Kreis,82179,8.0,0.0,1.0,5.0,3.0,125.0,474.0,805.0,297.0,544.0,44.0,13.0,146.0,122.0,33.0,36.0,24.0,12.0,42.0,27.0,660.0,508.0,163.0,0.0,668.0,4760.0,5792.234025724333
Nordsachsen,Kreis,199688,5.0,0.0,1.0,28.0,2.0,303.0,850.0,1787.0,503.0,2018.0,134.0,52.0,602.0,501.0,60.0,94.0,58.0,36.0,39.0,133.0,1394.0,893.0,380.0,2.0,2030.0,11905.0,5961.800408637474
Nordwestmecklenburg,Kreis,160206,20.0,0.0,1.0,10.0,3.0,313.0,778.0,1545.0,533.0,977.0,77.0,28.0,307.0,302.0,74.0,95.0,48.0,47.0,45.0,124.0,1118.0,670.0,376.0,0.0,1478.0,8969.0,5598.417038063493
Northeim,Kreis,132939,23.0,0.0,0.0,7.0,2.0,196.0,622.0,1153.0,397.0,689.0,86.0,29.0,140.0,193.0,79.0,83.0,45.0,38.0,57.0,27.0,637.0,567.0,238.0,1.0,991.0,6300.0,4739.015638751608
Nürnberg,City,526091,88.0,0.0,9.0,66.0,4.0,1337.0,3443.0,8884.0,4288.0,4543.0,250.0,84.0,1926.0,800.0,406.0,337.0,115.0,222.0,336.0,40.0,3832.0,4353.0,1727.0,29.0,6567.0,43686.0,8303.886589962573
Nürnberger Land,Kreis,172941,8.0,0.0,1.0,0.0,1.0,115.0,387.0,802.0,213.0,450.0,40.0,14.0,227.0,105.0,13.0,18.0,6.0,12.0,54.0,12.0,643.0,373.0,145.0,3.0,845.0,4487.0,2594.526456999786
Oberallgäu,Kreis,159576,9.0,0.0,0.0,1.0,0.0,105.0,431.0,636.0,173.0,221.0,17.0,1.0,165.0,59.0,14.0,30.0,16.0,14.0,46.0,15.0,448.0,329.0,119.0,2.0,574.0,3425.0,2146.3127287311377
Oberbergischer Kreis,Kreis,275735,32.0,0.0,0.0,33.0,10.0,379.0,1160.0,2370.0,810.0,1221.0,237.0,73.0,137.0,516.0,126.0,118.0,67.0,51.0,119.0,71.0,1294.0,393.0,510.0,5.0,2221.0,11953.0,4334.959290623244
Oberhausen,City,211099,38.0,0.0,6.0,102.0,10.0,485.0,1327.0,4173.0,1481.0,2439.0,378.0,164.0,510.0,944.0,609.0,109.0,71.0,38.0,134.0,61.0,1650.0,1435.0,767.0,11.0,4069.0,21011.0,9953.1499438652
Oberhavel,Kreis,218855,27.0,0.0,2.0,51.0,7.0,278.0,994.0,1903.0,402.0,2127.0,299.0,116.0,823.0,530.0,97.0,115.0,52.0,63.0,53.0,73.0,1603.0,1096.0,423.0,7.0,2529.0,13670.0,6246.144707683169
Oberspreewald-Lausitz,Kreis,107547,9.0,0.0,1.0,13.0,3.0,140.0,406.0,1245.0,391.0,1464.0,94.0,40.0,542.0,241.0,23.0,21.0,5.0,16.0,57.0,46.0,802.0,277.0,181.0,3.0,1159.0,7179.0,6675.221066138526
Odenwaldkreis,Kreis,97182,12.0,0.0,0.0,5.0,0.0,145.0,343.0,433.0,127.0,297.0,57.0,19.0,61.0,126.0,10.0,17.0,6.0,11.0,21.0,88.0,378.0,200.0,169.0,3.0,545.0,3073.0,3162.1082093391783
Oder-Spree,Kreis,182960,19.0,0.0,4.0,29.0,6.0,263.0,671.0,1782.0,733.0,1777.0,228.0,84.0,506.0,333.0,44.0,77.0,33.0,44.0,123.0,70.0,1380.0,483.0,374.0,3.0,1854.0,10920.0,5968.517708788806
Offenbach,Kreis,364457,29.0,0.0,3.0,63.0,6.0,384.0,941.0,2560.0,832.0,2713.0,360.0,123.0,909.0,875.0,113.0,85.0,17.0,68.0,193.0,92.0,1503.0,1414.0,545.0,11.0,3228.0,17067.0,4682.856962549766
Offenbach am Main,City,135490,23.0,0.0,5.0,48.0,8.0,260.0,484.0,1664.0,712.0,1485.0,131.0,57.0,540.0,574.0,97.0,58.0,14.0,44.0,210.0,30.0,751.0,940.0,399.0,11.0,1811.0,10356.0,7643.368514281497
Oldenburg,Kreis,134621,22.0,0.0,0.0,7.0,3.0,160.0,447.0,921.0,206.0,814.0,111.0,57.0,282.0,298.0,69.0,16.0,7.0,9.0,48.0,24.0,469.0,254.0,220.0,3.0,1076.0,5523.0,4102.628861767481
Oldenburg (Oldenburg),City,174629,32.0,0.0,3.0,46.0,12.0,349.0,913.0,3449.0,1272.0,2858.0,228.0,80.0,1461.0,696.0,354.0,75.0,47.0,28.0,117.0,24.0,1392.0,799.0,533.0,5.0,3588.0,18361.0,10514.290295426305
Olpe,Kreis,134332,15.0,0.0,1.0,9.0,2.0,208.0,646.0,1252.0,361.0,562.0,56.0,12.0,83.0,336.0,96.0,41.0,27.0,14.0,80.0,42.0,653.0,311.0,255.0,3.0,1200.0,6265.0,4663.818003156359
Ortenaukreis,Kreis,444390,58.0,0.0,3.0,51.0,3.0,686.0,1497.0,5087.0,1930.0,3650.0,189.0,65.0,1582.0,1087.0,183.0,281.0,164.0,117.0,166.0,97.0,1950.0,1605.0,873.0,14.0,4490.0,25828.0,5812.011971466504
Osnabrück,City,366229,49.0,0.0,9.0,57.0,10.0,596.0,1198.0,4075.0,1599.0,2720.0,156.0,63.0,1508.0,493.0,375.0,158.0,64.0,94.0,182.0,18.0,1913.0,1353.0,829.0,7.0,4098.0,21624.0,5904.502374197565
Osnabrück,Kreis,366229,33.0,1.0,1.0,15.0,7.0,443.0,1159.0,2743.0,741.0,1863.0,215.0,88.0,634.0,520.0,272.0,95.0,51.0,44.0,178.0,62.0,1633.0,806.0,553.0,6.0,2781.0,14944.0,4080.507005179819
Ostalbkreis,Kreis,320436,19.0,0.0,0.0,27.0,4.0,360.0,1163.0,2379.0,990.0,833.0,63.0,16.0,299.0,266.0,53.0,111.0,40.0,71.0,98.0,48.0,1518.0,670.0,465.0,9.0,1483.0,10985.0,3428.1416569923476
Ostallgäu,Kreis,146302,12.0,0.0,0.0,2.0,0.0,93.0,399.0,580.0,128.0,218.0,26.0,4.0,140.0,62.0,21.0,30.0,12.0,18.0,48.0,21.0,348.0,315.0,118.0,3.0,466.0,3064.0,2094.2980957198124
Osterholz,Kreis,116487,17.0,0.0,1.0,9.0,3.0,168.0,428.0,873.0,247.0,704.0,144.0,50.0,208.0,145.0,44.0,28.0,19.0,9.0,40.0,27.0,548.0,194.0,242.0,5.0,864.0,5017.0,4306.918368573317
Ostholstein,Kreis,204275,26.0,0.0,1.0,11.0,5.0,221.0,863.0,2400.0,749.0,1680.0,193.0,33.0,445.0,510.0,175.0,78.0,32.0,46.0,28.0,64.0,1272.0,769.0,296.0,3.0,2197.0,12097.0,5921.918981764778
Ostprignitz-Ruppin,Kreis,99929,22.0,0.0,1.0,24.0,8.0,235.0,834.0,1311.0,359.0,722.0,93.0,28.0,225.0,219.0,46.0,89.0,34.0,55.0,33.0,65.0,1028.0,429.0,330.0,2.0,1074.0,7266.0,7271.16252539303
Paderborn,Kreis,315400,48.0,0.0,7.0,66.0,14.0,563.0,1628.0,4429.0,1492.0,2736.0,220.0,71.0,956.0,894.0,334.0,128.0,73.0,55.0,209.0,120.0,1752.0,857.0,781.0,6.0,4217.0,21656.0,6866.201648700064
Passau,City,197863,10.0,0.0,1.0,1.0,0.0,105.0,263.0,737.0,369.0,283.0,13.0,2.0,154.0,61.0,29.0,45.0,18.0,27.0,48.0,8.0,357.0,601.0,132.0,0.0,575.0,3839.0,1940.231372212086
Passau,Kreis,197863,11.0,0.0,0.0,0.0,0.0,127.0,412.0,609.0,138.0,363.0,28.0,7.0,143.0,90.0,11.0,40.0,20.0,20.0,99.0,12.0,429.0,429.0,148.0,2.0,572.0,3710.0,1875.034746263829
Peine,Kreis,139170,14.0,0.0,0.0,10.0,3.0,189.0,573.0,1314.0,460.0,949.0,139.0,45.0,272.0,216.0,86.0,43.0,21.0,22.0,43.0,30.0,710.0,305.0,258.0,9.0,1182.0,6893.0,4952.935259035711
Pfaffenhofen a.d.Ilm,Kreis,132966,7.0,0.0,0.0,0.0,1.0,108.0,440.0,646.0,132.0,283.0,19.0,8.0,168.0,68.0,21.0,24.0,12.0,12.0,33.0,22.0,384.0,218.0,127.0,2.0,534.0,3269.0,2458.52323150279
Pforzheim,City,128992,44.0,0.0,4.0,36.0,2.0,380.0,919.0,2325.0,1055.0,892.0,84.0,28.0,154.0,341.0,133.0,76.0,28.0,48.0,68.0,28.0,1225.0,515.0,518.0,7.0,1735.0,10645.0,8252.44976432647
Pinneberg,Kreis,324018,19.0,0.0,2.0,70.0,9.0,456.0,1410.0,4073.0,1336.0,2884.0,348.0,59.0,1179.0,766.0,398.0,128.0,67.0,61.0,97.0,89.0,2452.0,1069.0,628.0,13.0,4540.0,22153.0,6836.965847576369
Pirmasens,City,40941,5.0,0.0,0.0,19.0,1.0,132.0,288.0,681.0,344.0,267.0,44.0,19.0,36.0,93.0,31.0,39.0,20.0,19.0,14.0,13.0,459.0,481.0,167.0,2.0,593.0,3767.0,9201.045406804915
Plön,Kreis,131370,11.0,0.0,0.0,11.0,3.0,134.0,410.0,1131.0,373.0,676.0,139.0,24.0,150.0,274.0,58.0,31.0,17.0,14.0,27.0,16.0,671.0,320.0,171.0,1.0,1032.0,5694.0,4334.322904772779
Potsdam,City,187119,24.0,1.0,4.0,54.0,12.0,262.0,797.0,2463.0,1031.0,2694.0,153.0,68.0,1434.0,424.0,155.0,105.0,36.0,69.0,74.0,66.0,1618.0,643.0,414.0,5.0,3043.0,15649.0,8363.127207819623
Potsdam-Mittelmark,Kreis,223531,12.0,0.0,1.0,37.0,9.0,179.0,644.0,1494.0,299.0,1937.0,329.0,110.0,594.0,596.0,73.0,79.0,29.0,50.0,42.0,65.0,1275.0,329.0,273.0,4.0,2112.0,10572.0,4729.545342704144
Prignitz,Kreis,75836,11.0,0.0,0.0,14.0,4.0,140.0,477.0,796.0,255.0,451.0,51.0,14.0,126.0,100.0,15.0,56.0,35.0,21.0,21.0,37.0,607.0,295.0,191.0,2.0,534.0,4253.0,5608.154438525239
Rastatt,Kreis,235542,19.0,0.0,4.0,25.0,0.0,228.0,792.0,1844.0,496.0,1380.0,192.0,61.0,461.0,515.0,63.0,72.0,43.0,29.0,69.0,64.0,1053.0,418.0,310.0,7.0,1903.0,10048.0,4265.905868167885
Ravensburg,Kreis,293148,37.0,2.0,1.0,20.0,6.0,358.0,1107.0,2398.0,838.0,836.0,60.0,12.0,483.0,306.0,33.0,161.0,71.0,90.0,114.0,41.0,1380.0,794.0,468.0,12.0,1692.0,11320.0,3861.530694393276
Recklinghausen,Kreis,620646,87.0,1.0,8.0,152.0,39.0,1176.0,3567.0,10105.0,3364.0,7440.0,1243.0,552.0,2145.0,2469.0,1028.0,214.0,150.0,64.0,370.0,102.0,4596.0,1612.0,1695.0,9.0,10476.0,52664.0,8485.35235867145
Regen,Kreis,77940,5.0,0.0,0.0,0.0,0.0,77.0,250.0,327.0,96.0,88.0,11.0,2.0,24.0,25.0,6.0,14.0,4.0,10.0,28.0,21.0,261.0,196.0,89.0,1.0,256.0,1791.0,2297.921478060046
Regensburg,City,200264,35.0,0.0,5.0,7.0,2.0,416.0,976.0,4123.0,2302.0,1631.0,56.0,13.0,984.0,397.0,177.0,151.0,47.0,104.0,89.0,16.0,1304.0,1313.0,568.0,9.0,2507.0,17232.0,8604.641872727998
Regensburg,Kreis,200264,9.0,0.0,0.0,1.0,0.0,112.0,361.0,801.0,260.0,369.0,31.0,11.0,144.0,188.0,13.0,17.0,9.0,8.0,36.0,17.0,563.0,347.0,139.0,1.0,739.0,4176.0,2085.2474733351974
Region Hannover,Kreis,1177676,288.0,2.0,39.0,573.0,62.0,3378.0,8870.0,23442.0,9195.0,17014.0,1479.0,633.0,5903.0,4240.0,2017.0,981.0,467.0,514.0,823.0,212.0,10089.0,8518.0,4972.0,38.0,21948.0,125697.0,10673.309127467995
Regionalverband Saarbrücken,Region,332427,47.0,0.0,6.0,118.0,14.0,895.0,2619.0,7548.0,2686.0,2983.0,357.0,141.0,524.0,1815.0,604.0,239.0,133.0,106.0,120.0,125.0,3103.0,1321.0,1200.0,16.0,5760.0,32480.0,9770.566169414638
Rems-Murr-Kreis,Kreis,434369,34.0,1.0,4.0,46.0,4.0,599.0,1950.0,3103.0,994.0,1823.0,211.0,68.0,597.0,463.0,66.0,155.0,62.0,93.0,156.0,108.0,2270.0,1040.0,754.0,11.0,2654.0,17266.0,3974.9613807615187
Remscheid,City,112970,20.0,0.0,0.0,29.0,3.0,204.0,695.0,1518.0,583.0,569.0,100.0,43.0,68.0,218.0,188.0,136.0,92.0,44.0,84.0,15.0,900.0,276.0,294.0,5.0,1373.0,7457.0,6600.867486943436
Rendsburg-Eckernförde,Kreis,279864,22.0,0.0,5.0,33.0,5.0,288.0,1024.0,2601.0,764.0,1842.0,225.0,55.0,655.0,596.0,191.0,56.0,31.0,25.0,40.0,61.0,1443.0,486.0,400.0,9.0,2601.0,13458.0,4808.764256924792
Reutlingen,Kreis,293624,21.0,0.0,3.0,32.0,4.0,424.0,1183.0,3003.0,1414.0,1513.0,118.0,46.0,503.0,300.0,75.0,117.0,34.0,83.0,88.0,65.0,1494.0,810.0,545.0,7.0,2041.0,13923.0,4741.778601204262
Rhein-Erft-Kreis,Kreis,480989,73.0,0.0,9.0,111.0,20.0,771.0,2583.0,6694.0,1676.0,5353.0,828.0,310.0,1640.0,2252.0,626.0,133.0,104.0,29.0,387.0,88.0,2845.0,1581.0,1087.0,4.0,7738.0,36942.0,7680.425124067286
Rhein-Hunsrück-Kreis,Kreis,106227,9.0,0.0,0.0,15.0,1.0,144.0,346.0,679.0,197.0,294.0,68.0,26.0,37.0,108.0,38.0,32.0,24.0,8.0,25.0,22.0,424.0,661.0,184.0,3.0,578.0,3923.0,3693.0347275174863
Rhein-Kreis Neuss,Kreis,458722,60.0,1.0,4.0,60.0,11.0,752.0,2381.0,6142.0,1682.0,5250.0,989.0,399.0,1396.0,2294.0,671.0,153.0,129.0,24.0,347.0,81.0,2507.0,1771.0,1020.0,13.0,7246.0,35383.0,7713.386321126957
Rhein-Lahn-Kreis,Kreis,124796,11.0,0.0,0.0,9.0,1.0,161.0,541.0,892.0,233.0,434.0,63.0,33.0,101.0,121.0,43.0,46.0,29.0,17.0,40.0,44.0,545.0,586.0,196.0,2.0,836.0,4984.0,3993.7177473636975
Rhein-Neckar-Kreis,Kreis,556645,44.0,0.0,3.0,33.0,7.0,517.0,1647.0,3999.0,1239.0,2921.0,331.0,80.0,1158.0,902.0,174.0,151.0,54.0,97.0,232.0,70.0,2740.0,1645.0,679.0,11.0,4201.0,22935.0,4120.220248093489
Rhein-Pfalz-Kreis,Kreis,156346,23.0,0.0,0.0,15.0,1.0,167.0,688.0,982.0,188.0,806.0,148.0,75.0,300.0,297.0,32.0,21.0,9.0,12.0,46.0,30.0,791.0,234.0,220.0,0.0,1383.0,6468.0,4136.978240568994
Rhein-Sieg-Kreis,Kreis,610537,68.0,0.0,6.0,64.0,16.0,876.0,2646.0,5604.0,1463.0,3967.0,702.0,271.0,1082.0,1714.0,516.0,208.0,157.0,51.0,354.0,72.0,2865.0,1155.0,1137.0,11.0,6573.0,31578.0,5172.16810774777
Rheingau-Taunus-Kreis,Kreis,189918,14.0,0.0,0.0,11.0,1.0,183.0,489.0,792.0,149.0,619.0,157.0,49.0,101.0,262.0,24.0,39.0,11.0,28.0,59.0,23.0,763.0,294.0,226.0,3.0,1030.0,5327.0,2804.8947440474312
Rheinisch-Bergischer Kreis,Kreis,286778,37.0,0.0,0.0,39.0,6.0,397.0,1293.0,2689.0,636.0,2097.0,409.0,167.0,562.0,806.0,310.0,81.0,62.0,19.0,167.0,48.0,1352.0,448.0,541.0,2.0,3071.0,15239.0,5313.866475113154
Rhön-Grabfeld,Kreis,80544,8.0,0.0,0.0,0.0,2.0,51.0,201.0,486.0,172.0,159.0,6.0,1.0,58.0,62.0,1.0,17.0,4.0,13.0,48.0,8.0,390.0,217.0,67.0,2.0,391.0,2364.0,2935.041716328963
Rosenheim,City,268391,12.0,0.0,0.0,7.0,0.0,152.0,572.0,947.0,419.0,507.0,17.0,2.0,434.0,61.0,18.0,123.0,59.0,64.0,54.0,6.0,468.0,391.0,192.0,0.0,964.0,5469.0,2037.6987305833652
Rosenheim,Kreis,268391,37.0,0.0,0.0,1.0,2.0,212.0,779.0,1080.0,229.0,430.0,44.0,15.0,273.0,112.0,19.0,79.0,42.0,37.0,98.0,36.0,856.0,1127.0,271.0,2.0,1033.0,6814.0,2538.833269371924
Rostock,City,210795,17.0,0.0,4.0,101.0,8.0,530.0,1332.0,3577.0,1880.0,2859.0,120.0,45.0,1212.0,756.0,134.0,188.0,69.0,119.0,52.0,84.0,2545.0,1137.0,723.0,0.0,4087.0,21579.0,10236.960079698285
Rotenburg (Wümme),Kreis,168454,26.0,0.0,0.0,9.0,2.0,286.0,797.0,1914.0,562.0,1509.0,215.0,68.0,464.0,467.0,111.0,64.0,30.0,34.0,70.0,55.0,874.0,773.0,358.0,2.0,1774.0,10464.0,6211.784819594666
Roth,Kreis,129595,8.0,0.0,0.0,1.0,1.0,82.0,338.0,602.0,157.0,231.0,26.0,9.0,87.0,89.0,11.0,18.0,10.0,8.0,38.0,12.0,399.0,175.0,113.0,2.0,481.0,2898.0,2236.1973841583394
Rottal-Inn,Kreis,124911,8.0,0.0,0.0,3.0,0.0,143.0,436.0,618.0,214.0,270.0,44.0,7.0,83.0,81.0,16.0,40.0,15.0,25.0,37.0,10.0,428.0,210.0,173.0,6.0,544.0,3411.0,2730.7442899344333
Rottweil,Kreis,142963,12.0,0.0,0.0,13.0,0.0,125.0,426.0,910.0,287.0,340.0,43.0,19.0,80.0,155.0,19.0,42.0,22.0,20.0,46.0,35.0,593.0,296.0,166.0,3.0,671.0,4323.0,3023.8593202436996
Saale-Holzland-Kreis,Kreis,83643,0.0,0.0,0.0,3.0,1.0,102.0,322.0,649.0,113.0,412.0,36.0,12.0,54.0,113.0,22.0,21.0,15.0,6.0,22.0,22.0,630.0,312.0,120.0,0.0,584.0,3571.0,4269.335150580443
Saale-Orla-Kreis,Kreis,78619,3.0,0.0,1.0,4.0,3.0,157.0,433.0,661.0,169.0,449.0,40.0,16.0,54.0,151.0,11.0,62.0,34.0,28.0,24.0,18.0,686.0,595.0,173.0,1.0,593.0,4366.0,5553.364962668057
Saalekreis,Kreis,184255,15.0,0.0,2.0,21.0,4.0,284.0,981.0,1669.0,512.0,2341.0,143.0,38.0,409.0,656.0,48.0,71.0,30.0,41.0,73.0,73.0,1123.0,545.0,374.0,3.0,1842.0,11298.0,6131.719627689886
Saalfeld-Rudolstadt,Kreis,101044,4.0,0.0,0.0,3.0,1.0,130.0,464.0,1015.0,363.0,680.0,35.0,16.0,154.0,129.0,14.0,37.0,24.0,13.0,26.0,37.0,947.0,315.0,152.0,1.0,844.0,5404.0,5348.165155773722
Saarlouis,Kreis,195945,15.0,0.0,2.0,30.0,9.0,319.0,998.0,2473.0,701.0,1357.0,241.0,92.0,139.0,698.0,195.0,75.0,49.0,26.0,33.0,74.0,1230.0,418.0,407.0,7.0,2068.0,11656.0,5948.608027762893
Saarpfalz-Kreis,Kreis,142344,19.0,0.0,1.0,16.0,0.0,232.0,644.0,1575.0,395.0,739.0,124.0,46.0,129.0,337.0,139.0,49.0,33.0,16.0,21.0,49.0,889.0,263.0,290.0,7.0,1360.0,7373.0,5179.7055021637725
Salzgitter,City,105039,30.0,0.0,2.0,16.0,7.0,236.0,683.0,1314.0,538.0,730.0,108.0,44.0,222.0,170.0,49.0,42.0,31.0,11.0,44.0,28.0,834.0,291.0,334.0,5.0,1108.0,6877.0,6547.092032483173
Salzlandkreis,Kreis,184943,23.0,0.0,0.0,20.0,4.0,445.0,1049.0,2010.0,679.0,1925.0,154.0,54.0,649.0,497.0,78.0,77.0,45.0,32.0,45.0,92.0,1275.0,522.0,528.0,1.0,2105.0,12309.0,6655.564146791174
Schaumburg,Kreis,160236,27.0,1.0,1.0,15.0,4.0,221.0,758.0,1580.0,424.0,887.0,154.0,67.0,280.0,273.0,138.0,48.0,25.0,23.0,91.0,34.0,923.0,468.0,314.0,5.0,1397.0,8158.0,5091.24042037994
Schleswig-Flensburg,Kreis,206385,30.0,0.0,0.0,26.0,4.0,214.0,757.0,1923.0,611.0,1158.0,234.0,24.0,256.0,495.0,117.0,50.0,24.0,26.0,43.0,46.0,903.0,398.0,303.0,4.0,1625.0,9271.0,4492.090025922426
Schmalkalden-Meiningen,Kreis,123274,6.0,0.0,3.0,8.0,0.0,176.0,532.0,923.0,325.0,446.0,30.0,6.0,92.0,124.0,25.0,62.0,47.0,15.0,92.0,44.0,624.0,458.0,215.0,3.0,592.0,4848.0,3932.7027597060205
Schwabach,City,41380,2.0,0.0,0.0,4.0,0.0,37.0,162.0,346.0,158.0,123.0,6.0,2.0,73.0,38.0,4.0,10.0,3.0,7.0,9.0,4.0,196.0,153.0,51.0,0.0,277.0,1665.0,4023.6829386176896
Schwalm-Eder-Kreis,Kreis,183501,20.0,0.0,2.0,15.0,7.0,224.0,618.0,1270.0,362.0,712.0,124.0,22.0,103.0,274.0,69.0,44.0,25.0,19.0,74.0,43.0,806.0,416.0,303.0,8.0,1082.0,6642.0,3619.598803276276
Schwandorf,Kreis,152284,11.0,0.0,0.0,1.0,2.0,145.0,536.0,869.0,314.0,246.0,18.0,2.0,105.0,130.0,8.0,51.0,27.0,24.0,75.0,19.0,549.0,544.0,178.0,5.0,670.0,4529.0,2974.0484883507133
Schwarzwald-Baar-Kreis,Kreis,218780,20.0,1.0,1.0,16.0,2.0,250.0,683.0,1787.0,796.0,812.0,84.0,23.0,184.0,274.0,45.0,77.0,33.0,44.0,78.0,33.0,970.0,525.0,312.0,4.0,1236.0,8290.0,3789.1946247371793
Schweinfurt,City,116653,12.0,0.0,0.0,1.0,0.0,161.0,398.0,1182.0,642.0,336.0,11.0,2.0,181.0,156.0,32.0,61.0,25.0,36.0,27.0,11.0,561.0,463.0,188.0,2.0,961.0,5449.0,4671.118616752248
Schweinfurt,Kreis,116653,10.0,0.0,0.0,0.0,1.0,157.0,362.0,571.0,160.0,204.0,20.0,8.0,71.0,72.0,17.0,23.0,11.0,12.0,34.0,17.0,374.0,329.0,183.0,5.0,477.0,3118.0,2672.8845379030113
Schwerin,City,98733,18.0,1.0,5.0,47.0,13.0,390.0,834.0,2064.0,906.0,938.0,65.0,29.0,338.0,263.0,160.0,109.0,58.0,51.0,46.0,52.0,1019.0,908.0,519.0,6.0,1586.0,10425.0,10558.779739296891
Schwäbisch Hall,Kreis,204721,21.0,0.0,4.0,20.0,2.0,193.0,693.0,1520.0,556.0,621.0,36.0,10.0,201.0,337.0,25.0,68.0,26.0,42.0,79.0,35.0,758.0,412.0,256.0,4.0,1058.0,6977.0,3408.0529110350185
Segeberg,Kreis,287175,33.0,0.0,1.0,65.0,4.0,372.0,1202.0,3399.0,1303.0,1904.0,200.0,34.0,791.0,608.0,301.0,109.0,51.0,58.0,73.0,71.0,1578.0,629.0,532.0,6.0,3151.0,16475.0,5736.919996517803
Siegen-Wittgenstein,Kreis,276625,47.0,0.0,0.0,38.0,8.0,457.0,1294.0,3831.0,1434.0,1416.0,174.0,52.0,291.0,796.0,250.0,129.0,83.0,46.0,176.0,56.0,1689.0,1090.0,623.0,12.0,3169.0,17161.0,6203.7053773158605
Sigmaringen,Kreis,134259,10.0,0.0,1.0,12.0,1.0,189.0,596.0,1191.0,455.0,404.0,37.0,5.0,94.0,256.0,17.0,71.0,32.0,39.0,61.0,27.0,560.0,338.0,241.0,4.0,746.0,5387.0,4012.393954967637
Soest,Kreis,306674,41.0,0.0,5.0,55.0,9.0,664.0,1634.0,4344.0,1285.0,2617.0,264.0,69.0,1022.0,893.0,517.0,166.0,108.0,58.0,161.0,87.0,2025.0,1876.0,889.0,7.0,4830.0,23626.0,7703.946209981935
Solingen,City,161545,32.0,0.0,0.0,33.0,3.0,345.0,1050.0,2371.0,580.0,1123.0,173.0,70.0,164.0,379.0,525.0,98.0,48.0,50.0,114.0,18.0,1119.0,605.0,467.0,3.0,2318.0,11688.0,7235.13572069702
Sonneberg,Kreis,56434,2.0,0.0,0.0,9.0,0.0,109.0,344.0,599.0,103.0,432.0,100.0,39.0,91.0,82.0,4.0,40.0,24.0,16.0,18.0,16.0,353.0,199.0,129.0,0.0,390.0,3099.0,5491.370450437679
Speyer,City,51203,11.0,0.0,2.0,21.0,1.0,192.0,522.0,903.0,329.0,716.0,43.0,11.0,355.0,137.0,61.0,28.0,10.0,18.0,50.0,9.0,496.0,395.0,246.0,1.0,1060.0,5617.0,10970.060348026482
Spree-Neiße,Kreis,111966,3.0,0.0,0.0,9.0,4.0,128.0,412.0,1062.0,203.0,1692.0,76.0,30.0,449.0,295.0,17.0,40.0,13.0,27.0,59.0,43.0,823.0,126.0,164.0,1.0,1166.0,6842.0,6110.783630745047
St. Wendel,Kreis,86988,5.0,0.0,1.0,8.0,1.0,125.0,335.0,749.0,153.0,434.0,49.0,16.0,32.0,210.0,30.0,21.0,18.0,3.0,16.0,27.0,360.0,157.0,144.0,0.0,612.0,3506.0,4030.4409803651074
Stade,Kreis,211467,26.0,1.0,6.0,37.0,1.0,317.0,927.0,2574.0,1067.0,1601.0,143.0,41.0,829.0,393.0,161.0,73.0,44.0,29.0,135.0,36.0,968.0,590.0,463.0,5.0,2241.0,12708.0,6009.448282710778
Starnberg,Kreis,139067,9.0,0.0,0.0,1.0,0.0,130.0,330.0,736.0,187.0,370.0,33.0,6.0,238.0,96.0,27.0,28.0,6.0,22.0,27.0,20.0,675.0,249.0,154.0,1.0,828.0,4173.0,3000.7118870760137
Steinburg,Kreis,133072,20.0,1.0,1.0,36.0,2.0,187.0,644.0,1309.0,355.0,846.0,102.0,24.0,293.0,258.0,110.0,43.0,20.0,23.0,40.0,28.0,1139.0,365.0,281.0,1.0,1586.0,7714.0,5796.86184922448
Steinfurt,Kreis,459195,63.0,0.0,2.0,56.0,14.0,574.0,1919.0,5506.0,1298.0,4209.0,311.0,125.0,1908.0,1183.0,530.0,174.0,109.0,65.0,220.0,78.0,2234.0,1099.0,793.0,12.0,6138.0,28620.0,6232.646261392219
Stendal,Kreis,109592,16.0,0.0,2.0,28.0,4.0,269.0,732.0,1212.0,414.0,1202.0,88.0,34.0,369.0,261.0,50.0,68.0,50.0,18.0,36.0,62.0,955.0,498.0,340.0,2.0,1266.0,7976.0,7277.903496605592
Stormarn,Kreis,248267,23.0,0.0,0.0,17.0,6.0,267.0,916.0,2620.0,691.0,2429.0,415.0,121.0,788.0,809.0,271.0,68.0,38.0,30.0,69.0,41.0,1248.0,538.0,359.0,1.0,3061.0,14826.0,5971.7964932914965
Straubing,City,49775,6.0,0.0,0.0,4.0,0.0,87.0,337.0,770.0,326.0,385.0,15.0,7.0,234.0,121.0,14.0,34.0,13.0,21.0,14.0,3.0,305.0,341.0,121.0,1.0,629.0,3788.0,7610.246107483677
Straubing-Bogen,Kreis,104167,6.0,0.0,0.0,1.0,0.0,48.0,187.0,268.0,70.0,153.0,19.0,9.0,31.0,49.0,5.0,13.0,7.0,6.0,13.0,4.0,205.0,110.0,56.0,0.0,221.0,1481.0,1421.7554503825588
Stuttgart,City,633484,104.0,0.0,18.0,270.0,29.0,1737.0,4415.0,11764.0,4522.0,4926.0,564.0,208.0,949.0,1218.0,1428.0,796.0,352.0,444.0,255.0,106.0,4510.0,5511.0,2531.0,22.0,7343.0,54022.0,8527.76076428134
Suhl,City,36986,2.0,0.0,0.0,6.0,1.0,87.0,207.0,717.0,440.0,222.0,21.0,6.0,33.0,62.0,16.0,25.0,14.0,11.0,11.0,18.0,309.0,251.0,107.0,0.0,299.0,2865.0,7746.174228086303
Sächsische Schweiz-Osterzgebirge,Kreis,246011,13.0,1.0,4.0,19.0,5.0,259.0,661.0,1511.0,410.0,1515.0,79.0,38.0,410.0,318.0,47.0,57.0,37.0,20.0,78.0,81.0,1341.0,668.0,325.0,3.0,1781.0,9681.0,3935.1898898829727
Sömmerda,Kreis,69418,1.0,0.0,0.0,5.0,0.0,104.0,400.0,594.0,231.0,523.0,23.0,6.0,114.0,116.0,19.0,17.0,7.0,10.0,30.0,18.0,493.0,241.0,125.0,2.0,591.0,3670.0,5286.813218473595
Südliche Weinstraße,Kreis,112894,18.0,0.0,0.0,7.0,1.0,128.0,502.0,782.0,103.0,531.0,87.0,30.0,120.0,177.0,23.0,34.0,15.0,19.0,30.0,41.0,635.0,255.0,162.0,0.0,876.0,4576.0,4053.359788828458
Südwestpfalz,Kreis,94912,5.0,0.0,0.0,3.0,3.0,75.0,260.0,365.0,46.0,185.0,50.0,18.0,22.0,65.0,10.0,15.0,7.0,8.0,12.0,21.0,335.0,224.0,91.0,2.0,384.0,2206.0,2324.25826028321
Teltow-Fläming,Kreis,178482,18.0,0.0,2.0,19.0,8.0,247.0,800.0,1663.0,429.0,2050.0,207.0,87.0,634.0,517.0,64.0,66.0,35.0,31.0,90.0,63.0,1088.0,409.0,327.0,3.0,2049.0,10906.0,6110.420098385272
Tirschenreuth,Kreis,72147,4.0,0.0,0.0,1.0,0.0,54.0,187.0,340.0,93.0,180.0,10.0,2.0,68.0,39.0,4.0,15.0,7.0,8.0,17.0,8.0,201.0,353.0,64.0,0.0,262.0,1917.0,2657.075138259387
Traunstein,Kreis,181763,23.0,0.0,0.0,2.0,1.0,154.0,528.0,844.0,247.0,307.0,34.0,6.0,160.0,85.0,20.0,41.0,27.0,14.0,84.0,17.0,612.0,469.0,202.0,4.0,692.0,4573.0,2515.9135797714607
Trier,City,112737,20.0,0.0,0.0,38.0,2.0,287.0,915.0,2461.0,977.0,920.0,96.0,36.0,302.0,492.0,241.0,95.0,47.0,48.0,39.0,21.0,1107.0,947.0,378.0,2.0,2187.0,11658.0,10340.88187551558
Trier-Saarburg,Kreis,153814,7.0,0.0,0.0,7.0,1.0,138.0,556.0,937.0,196.0,472.0,97.0,44.0,80.0,220.0,69.0,28.0,13.0,15.0,16.0,40.0,606.0,305.0,157.0,0.0,877.0,4881.0,3173.3132224634946
Tuttlingen,Kreis,146124,16.0,1.0,1.0,9.0,2.0,111.0,359.0,1002.0,381.0,448.0,36.0,14.0,203.0,126.0,21.0,32.0,17.0,15.0,49.0,25.0,585.0,263.0,151.0,0.0,772.0,4639.0,3174.7009389285813
Tübingen,Kreis,234649,20.0,0.0,1.0,27.0,2.0,274.0,717.0,1972.0,651.0,1091.0,42.0,10.0,437.0,264.0,96.0,96.0,29.0,67.0,71.0,47.0,1320.0,684.0,368.0,11.0,1659.0,9956.0,4242.933061721977
Uckermark,Kreis,117803,9.0,0.0,2.0,30.0,13.0,248.0,692.0,1410.0,516.0,1313.0,81.0,26.0,322.0,307.0,12.0,66.0,43.0,23.0,59.0,54.0,1376.0,516.0,346.0,3.0,1357.0,8824.0,7490.471380185563
Uelzen,Kreis,95088,25.0,0.0,0.0,17.0,8.0,163.0,506.0,1207.0,462.0,652.0,60.0,12.0,300.0,105.0,54.0,69.0,31.0,38.0,50.0,45.0,660.0,502.0,264.0,4.0,1040.0,6274.0,6598.098603398957
Ulm,City,129942,30.0,0.0,3.0,34.0,3.0,311.0,763.0,2423.0,1224.0,904.0,47.0,13.0,429.0,194.0,112.0,82.0,23.0,59.0,55.0,22.0,908.0,477.0,441.0,15.0,1399.0,9971.0,7673.423527419925
Unna,Kreis,399447,60.0,0.0,10.0,72.0,9.0,632.0,1956.0,5004.0,1201.0,3762.0,570.0,239.0,1004.0,1297.0,656.0,153.0,98.0,55.0,259.0,102.0,2817.0,881.0,869.0,7.0,6060.0,27773.0,6952.862332174231
Unstrut-Hainich-Kreis,Kreis,98233,4.0,0.0,1.0,8.0,6.0,167.0,530.0,1013.0,326.0,936.0,80.0,26.0,181.0,158.0,18.0,35.0,24.0,11.0,47.0,48.0,752.0,597.0,222.0,1.0,797.0,5988.0,6095.711217208066
Unterallgäu,Kreis,151838,9.0,0.0,0.0,1.0,0.0,111.0,424.0,708.0,154.0,256.0,37.0,10.0,182.0,87.0,7.0,40.0,19.0,21.0,34.0,10.0,377.0,629.0,133.0,1.0,558.0,3808.0,2507.936089779897
Vechta,Kreis,147751,14.0,0.0,2.0,16.0,2.0,189.0,496.0,1260.0,400.0,1262.0,112.0,49.0,708.0,254.0,110.0,37.0,24.0,13.0,55.0,14.0,501.0,300.0,258.0,5.0,1523.0,7604.0,5146.49647041306
Verden,Kreis,141349,18.0,1.0,1.0,23.0,3.0,220.0,587.0,1537.0,461.0,1108.0,140.0,64.0,429.0,319.0,110.0,41.0,18.0,23.0,69.0,36.0,627.0,378.0,311.0,4.0,1436.0,7964.0,5634.281105632159
Viersen,Kreis,302885,49.0,1.0,0.0,38.0,10.0,475.0,1595.0,3109.0,716.0,2921.0,438.0,200.0,898.0,978.0,230.0,121.0,85.0,36.0,204.0,58.0,1584.0,2407.0,626.0,7.0,3942.0,20728.0,6843.521468544167
Vogelsbergkreis,Kreis,106792,9.0,0.0,0.0,9.0,5.0,148.0,373.0,730.0,237.0,334.0,49.0,24.0,60.0,163.0,23.0,21.0,14.0,7.0,62.0,35.0,394.0,343.0,182.0,1.0,556.0,3779.0,3538.6545808674805
Vogtlandkreis,Kreis,221953,10.0,0.0,2.0,22.0,6.0,333.0,832.0,1828.0,755.0,1501.0,100.0,39.0,191.0,325.0,45.0,97.0,68.0,29.0,58.0,112.0,1668.0,629.0,412.0,3.0,1752.0,10817.0,4873.554311047835
Vorpommern-Greifswald,Kreis,237184,10.0,0.0,0.0,25.0,5.0,359.0,1029.0,2556.0,940.0,2618.0,190.0,73.0,1223.0,498.0,78.0,146.0,90.0,56.0,67.0,133.0,2389.0,773.0,426.0,2.0,3326.0,17012.0,7172.490555855369
Vorpommern-Rügen,Kreis,227746,24.0,0.0,1.0,34.0,7.0,426.0,1292.0,2162.0,778.0,1454.0,110.0,38.0,589.0,342.0,72.0,166.0,107.0,59.0,41.0,109.0,2311.0,1406.0,524.0,3.0,2606.0,14661.0,6437.434686009853
Vulkaneifel,Kreis,61912,8.0,0.0,0.0,5.0,0.0,61.0,247.0,406.0,64.0,205.0,45.0,14.0,31.0,65.0,19.0,25.0,14.0,11.0,10.0,46.0,324.0,195.0,81.0,1.0,394.0,2271.0,3668.109574880476
Waldeck-Frankenberg,Kreis,159189,16.0,0.0,1.0,15.0,5.0,191.0,558.0,1385.0,414.0,563.0,74.0,13.0,103.0,290.0,105.0,41.0,21.0,20.0,42.0,30.0,701.0,364.0,257.0,9.0,1210.0,6428.0,4037.967447499513
Waldshut,Kreis,174391,16.0,3.0,2.0,14.0,0.0,155.0,659.0,1471.0,579.0,423.0,45.0,14.0,147.0,269.0,24.0,60.0,22.0,38.0,56.0,26.0,734.0,438.0,212.0,6.0,953.0,6366.0,3650.4177394475632
Warendorf,Kreis,283295,42.0,0.0,1.0,24.0,6.0,364.0,1300.0,2765.0,607.0,2277.0,226.0,96.0,977.0,531.0,245.0,105.0,85.0,20.0,140.0,33.0,1404.0,790.0,484.0,3.0,3306.0,15831.0,5588.167810939127
Wartburgkreis,Kreis,159201,8.0,0.0,0.0,4.0,5.0,212.0,749.0,1478.0,519.0,705.0,48.0,14.0,120.0,220.0,35.0,84.0,74.0,10.0,31.0,73.0,1065.0,474.0,250.0,0.0,1033.0,7211.0,4529.494161468835
Weiden i.d.OPf.,City,43188,8.0,0.0,0.0,1.0,1.0,93.0,355.0,512.0,235.0,180.0,11.0,1.0,91.0,33.0,7.0,24.0,11.0,13.0,17.0,3.0,382.0,245.0,114.0,1.0,444.0,2782.0,6441.604149300732
Weilheim-Schongau,Kreis,139401,13.0,0.0,0.0,3.0,0.0,117.0,521.0,721.0,289.0,274.0,15.0,1.0,159.0,78.0,8.0,56.0,23.0,33.0,44.0,22.0,534.0,330.0,152.0,3.0,567.0,3963.0,2842.8777411926744
Weimar,City,65611,9.0,0.0,1.0,7.0,2.0,126.0,492.0,1092.0,370.0,593.0,27.0,9.0,289.0,100.0,55.0,64.0,42.0,22.0,39.0,17.0,877.0,322.0,167.0,0.0,747.0,5469.0,8335.49252411943
Weimarer Land,Kreis,82892,6.0,0.0,0.0,4.0,1.0,125.0,436.0,700.0,209.0,508.0,98.0,13.0,57.0,128.0,19.0,28.0,16.0,12.0,39.0,28.0,514.0,343.0,150.0,3.0,528.0,3965.0,4783.332529073976
Weißenburg-Gunzenhausen,Kreis,97276,8.0,0.0,0.0,2.0,0.0,112.0,384.0,520.0,155.0,162.0,11.0,3.0,71.0,62.0,10.0,23.0,11.0,12.0,50.0,6.0,413.0,173.0,130.0,3.0,449.0,2770.0,2847.5677453842673
Werra-Meißner-Kreis,Kreis,100215,14.0,0.0,0.0,6.0,0.0,146.0,398.0,856.0,228.0,552.0,30.0,8.0,110.0,140.0,44.0,32.0,25.0,7.0,54.0,42.0,511.0,448.0,182.0,2.0,657.0,4492.0,4482.362919722596
Wesel,Kreis,467511,53.0,0.0,5.0,92.0,13.0,746.0,2081.0,5180.0,1263.0,5737.0,862.0,328.0,1378.0,1640.0,529.0,153.0,114.0,39.0,211.0,95.0,2642.0,1086.0,1020.0,8.0,6579.0,31854.0,6813.529521230517
Wesermarsch,Kreis,89761,24.0,0.0,0.0,5.0,3.0,150.0,451.0,686.0,146.0,506.0,60.0,21.0,218.0,166.0,17.0,52.0,22.0,30.0,39.0,18.0,413.0,433.0,198.0,2.0,744.0,4404.0,4906.362451398714
Westerwaldkreis,Kreis,206709,18.0,0.0,1.0,9.0,1.0,197.0,858.0,1310.0,299.0,572.0,92.0,39.0,113.0,246.0,55.0,60.0,30.0,30.0,55.0,47.0,850.0,837.0,240.0,3.0,1161.0,7123.0,3445.907048072411
Wetteraukreis,Kreis,318559,40.0,0.0,2.0,27.0,8.0,359.0,962.0,2497.0,661.0,1863.0,343.0,99.0,393.0,1057.0,111.0,52.0,30.0,22.0,172.0,62.0,1184.0,614.0,486.0,9.0,2561.0,13614.0,4273.619643456942
Wiesbaden,City,285522,46.0,0.0,1.0,63.0,8.0,718.0,1722.0,5132.0,2080.0,2158.0,330.0,131.0,631.0,1076.0,479.0,118.0,55.0,63.0,238.0,39.0,2138.0,871.0,943.0,16.0,4515.0,23571.0,8255.405888162733
Wilhelmshaven,City,76247,25.0,0.0,2.0,31.0,13.0,309.0,717.0,1707.0,718.0,1557.0,153.0,52.0,396.0,232.0,46.0,46.0,36.0,10.0,83.0,39.0,1068.0,645.0,456.0,4.0,1517.0,9862.0,12934.279381483862
Wittenberg,Kreis,123246,18.0,0.0,0.0,18.0,1.0,210.0,685.0,1080.0,283.0,1406.0,95.0,35.0,353.0,262.0,48.0,62.0,33.0,29.0,50.0,39.0,1020.0,341.0,268.0,5.0,1356.0,7697.0,6245.233111013745
Wittmund,Kreis,58396,7.0,0.0,0.0,1.0,0.0,71.0,239.0,525.0,124.0,198.0,24.0,5.0,99.0,66.0,15.0,16.0,14.0,2.0,33.0,10.0,339.0,143.0,86.0,1.0,426.0,2444.0,4185.218165627783
Wolfenbüttel,Kreis,120755,18.0,0.0,0.0,5.0,3.0,137.0,409.0,1000.0,350.0,615.0,144.0,61.0,131.0,129.0,37.0,35.0,17.0,18.0,22.0,23.0,689.0,250.0,189.0,3.0,833.0,5118.0,4238.333816405117
Wolfsburg,City,127256,23.0,0.0,3.0,25.0,1.0,242.0,722.0,1838.0,781.0,1859.0,96.0,39.0,703.0,242.0,122.0,68.0,34.0,34.0,84.0,45.0,1184.0,408.0,365.0,2.0,2085.0,11005.0,8647.922298359214
Worms,City,85609,20.0,0.0,2.0,27.0,1.0,232.0,466.0,1335.0,536.0,692.0,44.0,21.0,258.0,227.0,89.0,28.0,12.0,16.0,29.0,20.0,655.0,528.0,306.0,1.0,1291.0,6836.0,7985.141749115162
Wunsiedel i.Fichtelgebirge,Kreis,71972,12.0,0.0,0.0,1.0,1.0,71.0,343.0,685.0,253.0,373.0,22.0,4.0,104.0,64.0,6.0,21.0,7.0,14.0,32.0,17.0,387.0,606.0,97.0,8.0,485.0,3613.0,5020.007780803646
Wuppertal,City,358938,91.0,0.0,11.0,128.0,20.0,997.0,2659.0,8120.0,3144.0,3515.0,453.0,210.0,422.0,1805.0,1557.0,251.0,120.0,131.0,376.0,50.0,2896.0,1042.0,1487.0,6.0,7035.0,36526.0,10176.130696666276
Würzburg,City,165921,39.0,0.0,0.0,5.0,1.0,309.0,788.0,2246.0,1098.0,760.0,49.0,21.0,388.0,222.0,113.0,78.0,21.0,57.0,62.0,31.0,1249.0,1099.0,420.0,4.0,1907.0,10967.0,6609.77212046697
Würzburg,Kreis,165921,14.0,0.0,0.0,0.0,0.0,71.0,243.0,494.0,135.0,271.0,34.0,13.0,84.0,102.0,7.0,16.0,8.0,8.0,49.0,17.0,415.0,380.0,103.0,5.0,513.0,2982.0,1797.2408555879001
Zollernalbkreis,Kreis,193712,17.0,1.0,2.0,20.0,0.0,228.0,608.0,2115.0,1275.0,373.0,30.0,6.0,56.0,274.0,25.0,70.0,23.0,47.0,58.0,27.0,930.0,378.0,286.0,2.0,1002.0,7853.0,4053.9563888659454
Zweibrücken,City,34613,5.0,0.0,1.0,13.0,0.0,78.0,204.0,431.0,102.0,142.0,24.0,7.0,23.0,71.0,61.0,22.0,15.0,7.0,14.0,10.0,223.0,433.0,103.0,2.0,387.0,2378.0,6870.251061739808
Zwickau,Kreis,310111,23.0,1.0,1.0,27.0,10.0,416.0,1090.0,2393.0,849.0,1526.0,109.0,44.0,376.0,336.0,56.0,124.0,82.0,42.0,46.0,125.0,2556.0,826.0,529.0,3.0,2464.0,14054.0,4531.925665326286
